area_id,weight,weight_perc2.5,weight_perc25,weight_perc50,weight_perc75,weight_perc97.5,weight_std,weight_ci95,volume,volume_perc2.5,volume_perc25,volume_perc50,volume_perc75,volume_perc97.5,volume_std,volume_ci95,fat,fat_perc2.5,fat_perc25,fat_perc50,fat_perc75,fat_perc97.5,fat_std,fat_ci95,saturate,saturate_perc2.5,saturate_perc25,saturate_perc50,saturate_perc75,saturate_perc97.5,saturate_std,saturate_ci95,salt,salt_perc2.5,salt_perc25,salt_perc50,salt_perc75,salt_perc97.5,salt_std,salt_ci95,sugar,sugar_perc2.5,sugar_perc25,sugar_perc50,sugar_perc75,sugar_perc97.5,sugar_std,sugar_ci95,protein,protein_perc2.5,protein_perc25,protein_perc50,protein_perc75,protein_perc97.5,protein_std,protein_ci95,carb,carb_perc2.5,carb_perc25,carb_perc50,carb_perc75,carb_perc97.5,carb_std,carb_ci95,fibre,fibre_perc2.5,fibre_perc25,fibre_perc50,fibre_perc75,fibre_perc97.5,fibre_std,fibre_ci95,alcohol,alcohol_perc2.5,alcohol_perc25,alcohol_perc50,alcohol_perc75,alcohol_perc97.5,alcohol_std,alcohol_ci95,energy_fat,energy_fat_perc2.5,energy_fat_perc25,energy_fat_perc50,energy_fat_perc75,energy_fat_perc97.5,energy_fat_std,energy_fat_ci95,energy_saturate,energy_saturate_perc2.5,energy_saturate_perc25,energy_saturate_perc50,energy_saturate_perc75,energy_saturate_perc97.5,energy_saturate_std,energy_saturate_ci95,energy_sugar,energy_sugar_perc2.5,energy_sugar_perc25,energy_sugar_perc50,energy_sugar_perc75,energy_sugar_perc97.5,energy_sugar_std,energy_sugar_ci95,energy_protein,energy_protein_perc2.5,energy_protein_perc25,energy_protein_perc50,energy_protein_perc75,energy_protein_perc97.5,energy_protein_std,energy_protein_ci95,energy_carb,energy_carb_perc2.5,energy_carb_perc25,energy_carb_perc50,energy_carb_perc75,energy_carb_perc97.5,energy_carb_std,energy_carb_ci95,energy_fibre,energy_fibre_perc2.5,energy_fibre_perc25,energy_fibre_perc50,energy_fibre_perc75,energy_fibre_perc97.5,energy_fibre_std,energy_fibre_ci95,energy_alcohol,energy_alcohol_perc2.5,energy_alcohol_perc25,energy_alcohol_perc50,energy_alcohol_perc75,energy_alcohol_perc97.5,energy_alcohol_std,energy_alcohol_ci95,energy_tot,energy_tot_perc2.5,energy_tot_perc25,energy_tot_perc50,energy_tot_perc75,energy_tot_perc97.5,energy_tot_std,energy_tot_ci95,f_energy_fat,f_energy_saturate,f_energy_sugar,f_energy_protein,f_energy_carb,f_energy_fibre,f_energy_alcohol,energy_density,h_nutrients_weight,h_nutrients_weight_norm,h_nutrients_calories,h_nutrients_calories_norm,f_beer,f_dairy,f_eggs,f_fats_oils,f_fish,f_fruit_veg,f_grains,f_meat_red,f_poultry,f_readymade,f_sauces,f_soft_drinks,f_spirits,f_sweets,f_tea_coffee,f_water,f_wine,f_dairy_weight,f_eggs_weight,f_fats_oils_weight,f_fish_weight,f_fruit_veg_weight,f_grains_weight,f_meat_red_weight,f_poultry_weight,f_readymade_weight,f_sauces_weight,f_sweets_weight,h_items,h_items_norm,h_items_weight,h_items_weight_norm,representativeness_norm,transaction_days,num_transactions,man_day,population,male,female,age_0_17,age_18_64,age_65+,avg_age,area_sq_km,people_per_sq_km
E09000001,330.8668870539325,32.5,150.0,260.0,440.0,1000.0,342.5779360976592,3.6079357193615538,104.00927530523651,15.0,50.0,75.0,113.6,340.8,82.29771342752558,1.848472130944725,8.164527383747881,0.0,0.2,1.8,11.3,46.4,13.633675013216596,0.11582786994800914,3.248681521842075,0.0,0.1,0.5,3.1,20.5,6.394831881027788,0.05432869382151367,0.5515826256456595,0.0,0.01,0.12,0.7,2.6,1.5327844489044875,0.013022105751672359,8.951227618599189,0.0,0.9,3.4,9.6,56.8,14.828495886883239,0.1259787321793636,5.393787693753099,0.0,0.6,2.9,7.9,24.0,6.741313127501044,0.05727230108199384,15.803969563175375,0.0,0.4,5.3,19.6,72.0,21.696887917249235,0.1843306598932024,1.6453984030059772,0.0,0.0,1.0,2.2,8.4,2.686912552335321,0.022827253647448108,0.2945169728511094,0.0,0.0,0.0,0.0,7.11,1.7408360690217923,0.01478965382466506,73.48074645372546,0.0,1.8,16.2,101.7,417.6,122.70307511895015,1.042450829532083,29.238133696564077,0.0,0.9,4.5,27.9,184.5,57.55348692924969,0.488958244393623,35.804910474396756,0.0,3.6,13.6,38.4,227.2,59.313983547532956,0.5039149287174544,21.575150775012396,0.0,2.4,11.6,31.6,96.0,26.965252510004177,0.2290892043279753,63.2158782527015,0.0,1.6,21.2,78.4,288.0,86.78755166899694,0.7373226395728096,3.1055849694690187,0.0,0.0,1.6,4.4,16.0,5.2734628390765135,0.044801857702202914,2.061618809957755,0.0,0.0,0.0,0.0,49.77,12.185852483152592,0.1035275767726554,163.43897926087465,0.0,41.0,91.5,252.0,551.2400000000008,166.18632069428745,1.4118722590831765,0.4495913201736196,0.17889327153650025,0.21907203921805224,0.13200737591841555,0.3867858116746978,0.019001495136065496,0.012613997097149528,0.4939720040169311,1.7273721575223235,0.7439386953135253,1.6224282291599237,0.6987418054557062,0.01392390772588718,0.13308621533135134,0.01145899973657472,0.02353893049335792,0.021243367327738686,0.31277988936138185,0.12998156023030896,0.05108568848078877,0.018740827155383284,0.05853686072329056,0.01302073533285666,0.022184171903812142,0.002671884996048621,0.1288525947390208,0.00827908026944643,0.025006585632032514,0.025608700560719528,0.08497998099982257,0.026258110041897032,0.02250336531876469,0.01875739787536289,0.3928368093482241,0.17565481907985755,0.060612997316829474,0.043012181591560436,0.07403609120875122,0.01638173934349371,0.08496650787543622,3.198743669601189,0.7825743728651746,2.7590226219556686,0.7975363950227388,1.0,31,72341.0,8928,6687.0,3697.0,2990.0,1018.0,4349.0,1320.0,43.9101241205279,2.9,2305.8620689655168
E09000002,415.30254374886533,32.5,170.0,320.0,500.0,1500.0,517.4149801407141,2.451021712506253,127.2081981636198,15.0,50.0,100.0,200.0,340.8,106.39544839483857,1.1795444510517623,8.786498066777927,0.0,0.3,2.4,13.0,46.5,13.909642930796132,0.05366077779888556,3.4347570800926563,0.0,0.1,0.8,4.0,20.0,6.235872363506767,0.02405681892376213,0.6215546766596851,0.0,0.06,0.24,0.8,2.42,1.7792638227983684,0.006864064096813878,10.450692388755675,0.0,1.2,4.0,11.575,58.6,16.309468727698448,0.0629188528971683,5.277972206510106,0.0,0.6,3.2,8.0,23.5,6.242348880409732,0.02408180410391085,19.965529718966238,0.0,0.8,8.9,34.8,74.5,24.14591349432955,0.0931503781381521,1.634745000348622,0.0,0.0,1.0,2.3,7.8,2.478783510991461,0.009562679060607598,0.14211233242160845,0.0,0.0,0.0,0.0,0.0,1.4291487737191362,0.0055133863011177725,79.0784826009947,0.0,2.7,21.6,117.0,418.5,125.18678637716593,0.4829470001899699,30.912813720882703,0.0,0.9,7.2,36.0,180.0,56.122851271561785,0.2165113703138592,41.802769555022714,0.0,4.8,16.0,46.3,234.4,65.23787491079379,0.2516754115886732,21.111888826040424,0.0,2.4,12.8,32.0,94.0,24.969395521638926,0.0963272164156434,79.86211887586498,0.0,3.2,35.6,139.2,298.0,96.5836539773182,0.3726015125526084,3.039809931891432,0.0,0.0,1.8,4.4,15.4,4.721658864717868,0.018215268964295456,0.994786326951222,0.0,0.0,0.0,0.0,0.0,10.004041416033854,0.038593704107824416,184.08708656168758,0.0,42.4,120.3,290.9,550.4,173.28494652873158,0.6685006263520062,0.4295710474753779,0.1679249441026045,0.2270814880924013,0.11468424657242772,0.43382792550798055,0.01651289065772026,0.005403889786793214,0.4432601950856472,1.6093736089469135,0.6931194865554116,1.5431038043813432,0.6645786352209153,0.00843977213394534,0.10619072482290506,0.01155695482422986,0.02983143834602286,0.021228014120837583,0.2467094240225684,0.1608349373835927,0.052668698030719836,0.020187654397955127,0.06752597002828843,0.017000335097139205,0.03424225185277546,0.002579468676210441,0.1706852346848918,0.008167018648545445,0.035352748186189324,0.006799354743183111,0.06517208075883227,0.030123678442266023,0.030471538649751863,0.01982567739488791,0.34652722322627283,0.22232144553660926,0.05728597809053425,0.044385280332951416,0.059568080615550724,0.017958116557397798,0.10636090039494564,3.2674986266362818,0.7993953103771253,2.8128855828234576,0.8131062824509534,0.13833505757661596,31,389789.0,32854,203101.0,99442.0,103659.0,60281.0,123180.0,19640.0,33.01732143080059,36.09000000000001,5627.625380991963
E09000003,409.86954502147864,39.0,180.0,330.0,500.0,1100.0,416.6329027996934,0.5494871213564034,119.839130882585,15.0,56.8,100.0,176.0,340.8,95.59540283505432,0.30258026100734303,8.195621420704052,0.0,0.2,1.8,10.9,48.2,14.182529890813813,0.01526375891565421,3.2416340182164465,0.0,0.1,0.4,3.1,21.3,6.567691219385673,0.007068390208019134,0.5849178659309895,0.0,0.01,0.13,0.75,2.6,2.3421059915719082,0.002520660381856066,9.280870214101043,0.0,1.0,3.5,10.0,57.5,15.48993558328501,0.016670836880479576,5.231916046019067,0.0,0.6,2.5,7.9,23.8,6.527628683451043,0.007025273437261777,17.180511538917948,0.0,0.9,6.9,22.6,73.5,22.7476984062082,0.02448190746160613,1.6888646337874735,0.0,0.0,1.0,2.3,8.0,2.591252449187376,0.002788800938795435,0.16822605150225886,0.0,0.0,0.0,0.0,0.0,1.4163355764508356,0.0015243123017574575,73.7605927863167,0.0,1.8,16.2,98.1,433.80000000000007,127.64276901732102,0.13737383024088792,29.174706164598927,0.0,0.9,3.6,27.9,191.7,59.10922097447157,0.06361551187217221,37.12348085640418,0.0,4.0,14.0,40.0,230.0,61.95974233314004,0.0666833475219183,20.927664184076267,0.0,2.4,10.0,31.6,95.2,26.110514733804173,0.02810109374904711,68.72204615567179,0.0,3.6,27.6,90.4,294.0,90.9907936248328,0.09792762984642453,3.192933064821748,0.0,0.0,2.0,4.4,15.599999999999998,5.047079182089194,0.005431851754003667,1.1775823605167242,0.0,0.0,0.0,0.0,0.0,9.914349035155993,0.010670186112302207,167.7808185509344,0.0,41.0,96.8,261.9,558.8,169.1623117470569,0.18205868515704074,0.4396247045601621,0.17388582566571611,0.2212617698317781,0.12473216166675875,0.40959417619487504,0.019030381973326984,0.007018575607671367,0.4093517573796368,1.6728084677511583,0.7204393932070955,1.5822581557346451,0.6814414964953517,0.007938801216205708,0.11145365265641824,0.012848283209275066,0.03101421377638287,0.024586743914508567,0.3294172856972986,0.13848515279575122,0.05074170212521327,0.021650918462841368,0.051508411565028236,0.017611019315087018,0.02130568741673684,0.0022580712507257873,0.13203559540857834,0.007731844129846813,0.027111983450694745,0.012300633609407228,0.06582228956444512,0.02661148147477369,0.027658716234325448,0.022024539493777,0.4071285766106589,0.19045829219144067,0.055001055649925065,0.04746833898845393,0.05434838124537805,0.017058390410112045,0.08641993813671017,3.156682912468793,0.7722841858308307,2.7181617555910766,0.7857249557838596,0.8030243355509963,31,4891234.0,343112,378778.0,186357.0,192421.0,88754.0,237036.0,52988.0,37.195581580614814,86.76000000000003,4365.813739050253
E09000004,364.8055470048095,30.0,150.0,290.0,480.0,1000.0,423.9306709690141,2.4094204690258825,112.31367021541784,18.7,47.3,75.0,175.0,340.8,97.10094313065511,1.3455716512496358,8.492301529242615,0.0,0.2,2.2,12.6,41.0,13.290886944832385,0.061938334568412814,3.224134923818772,0.0,0.1,0.7,3.4,19.0,5.9921582648183715,0.027924720519686832,0.6117984208949477,0.0,0.05,0.23,0.8,2.4,1.7213958064890962,0.008022067287874912,10.530099646665754,0.0,1.3,4.0,11.3,59.5,16.56369348657719,0.07719030288337071,5.409954320603861,0.0,0.6,3.2,8.1,23.3,6.272710295370331,0.029232152115809824,20.30403918704367,0.0,1.5,9.7,32.0,75.1,24.144149943428673,0.11251682775373063,1.7266264522146075,0.0,0.0,1.1,2.4,8.4,2.4997717534517427,0.011649463264012016,0.14534471860248513,0.0,0.0,0.0,0.0,0.0,1.3166475555177326,0.00613585512696335,76.43071376320083,0.0,1.8,19.8,113.4,369.0,119.61798250349257,0.5574450111157153,29.017214314377465,0.0,0.9,6.3,30.6,171.0,53.92942438336544,0.25132248467718143,42.120398586663015,0.0,5.2,16.0,45.2,238.0,66.25477394630876,0.30876121153348285,21.639817282415443,0.0,2.4,12.8,32.4,93.2,25.090841181481323,0.11692860846323933,81.21615674817468,0.0,6.0,38.8,128.0,300.4,96.57659977371469,0.4500673110149225,3.2193334652455468,0.0,0.0,2.0,4.6,16.0,4.915492263951059,0.022907230019846063,1.01741303021736,0.0,0.0,0.0,0.0,0.0,9.216532888624174,0.04295098588874344,183.52343428922455,0.0,44.0,118.2,286.5,550.4,172.08208338250512,0.8019387794069874,0.41646296593790577,0.15811176609003325,0.2295096468186356,0.11791310121361435,0.4425383442867668,0.017541811364384256,0.005543777197488379,0.5030719400952669,1.6103653034978884,0.6935465861512856,1.5543221669040443,0.6694101209794119,0.008795973146745207,0.10124448832972982,0.009227259572004973,0.023783176424522042,0.018948228604504676,0.2554974832167157,0.17550520097379935,0.0460625251820199,0.02075282180493369,0.08406680399734419,0.016791796478205848,0.02708024764920524,0.002082659448293865,0.16251553482354142,0.008852721360595173,0.029389899952898983,0.009403179034939877,0.0642536821155093,0.02308635727988936,0.026811363308078182,0.018138587029246887,0.3482786307702321,0.2253954104144968,0.05281398619130714,0.04705949684412026,0.07059298588522722,0.018969957037646423,0.10459954312424637,3.215891888172589,0.7867696938350293,2.790084655848823,0.8065153364551438,0.08156440570675486,31,255330.0,33232,242387.0,116814.0,125573.0,56028.0,146237.0,40122.0,38.88074855496173,60.58000000000001,4001.105975569495
E09000005,426.6467215196369,35.0,175.0,335.0,500.0,1500.0,538.3799124788342,1.0620926290492705,134.02533369579675,18.0,50.0,100.0,227.2,340.8,104.23308057071972,0.4563518798926963,8.552928291779747,0.0,0.3,2.0,12.0,48.1,14.264917412064007,0.02273397199235277,3.383104791992208,0.0,0.1,0.6,3.6,21.0,6.494484957013067,0.010350248434850792,0.5924558075659491,0.0,0.04,0.2,0.8,2.4,1.9755322930088104,0.003148402091782802,9.914390386397244,0.0,1.3,4.0,10.6,58.3,15.929193876672427,0.025386326257084743,5.268881499916827,0.0,0.6,3.2,8.0,23.5,6.264342164413834,0.0099834703000704,18.976396694615694,0.0,0.9,7.9,30.2,74.0,23.72278629448205,0.037806959803583125,1.6484568151420247,0.0,0.0,1.0,2.4,7.799999999999999,2.5125075651707793,0.004004178570908482,0.15275749446429565,0.0,0.0,0.0,0.0,0.0,1.3812281728907292,0.002201260735725726,76.97635462627916,0.0,2.7,18.0,108.0,432.9,128.38425670857634,0.20460574793117486,30.44794312772789,0.0,0.9,5.4,32.4,189.0,58.45036461311679,0.09315223591365714,39.657561545588976,0.0,5.2,16.0,42.4,233.2,63.71677550668971,0.10154530502833896,21.07552599966731,0.0,2.4,12.8,32.0,94.0,25.05736865765533,0.0399338812002816,75.9055867784628,0.0,3.6,31.6,120.8,296.0,94.8911451779282,0.1512278392143325,3.09880974278406,0.0,0.0,1.8,4.4,15.400000000000002,4.901719363697644,0.00781186091091099,1.0693024612504671,0.0,0.0,0.0,0.0,0.0,9.668597210235227,0.015408825150080088,178.12557960864044,0.0,41.7,108.6,280.2,559.8,172.7027901273087,0.275236111106742,0.43214654961630905,0.1709352648542957,0.22263821755820007,0.11831835745305268,0.4261352409083237,0.01739677001805385,0.006003082003156597,0.4175013439085855,1.6309255351140055,0.7024013959369068,1.5578028460196962,0.6709091678806988,0.007147726774373171,0.12249211603809818,0.01270404278137405,0.03104613164256183,0.020302946136559655,0.2697763519682329,0.16356513222331048,0.047180179593529104,0.022079744630068426,0.05162948502080463,0.01651013918033375,0.028311164327946236,0.0026997502913710322,0.15256080916758918,0.00806802068368867,0.034121973163299346,0.009804286376859359,0.06577582131307423,0.02781345042139984,0.02846994610086868,0.01792278218432591,0.3474428044037213,0.24664043867951935,0.04977771106930372,0.05144455722017684,0.049879940732633916,0.017033578047039043,0.09779896982793716,3.2269389115800298,0.7894723541004525,2.759695111905293,0.7977307882132274,0.5251126342064367,31,2186189.0,208748,323443.0,163939.0,159504.0,75033.0,211885.0,36525.0,35.76641633883278,43.28000000000002,7473.267097966725
E09000006,330.0554172444024,29.0,140.0,250.0,440.0,1000.0,335.2619148222531,1.4974449848472022,104.4727954614848,18.7,50.0,75.0,113.6,340.8,84.16384398070967,0.8311146403798377,8.619090589343946,0.0,0.2,2.2,13.0,43.9,13.213683270203257,0.04762756520637584,3.385873277730317,0.0,0.1,0.8,3.7,19.9,6.143990527822376,0.0221454762845031,0.5833892217591322,0.0,0.03,0.2,0.8,2.5,1.5782745517495391,0.005688752529472386,10.81666849292921,0.0,1.1,3.8,11.2,60.1,17.213958639149684,0.062046207766668575,5.406380822899593,0.0,0.6,3.2,8.1,23.6,6.379634524242985,0.02299483445175421,19.245965887118587,0.0,0.7,8.8,28.5,73.4,23.36489414619071,0.0842167166211077,1.68433902856429,0.0,0.0,1.1,2.3,8.1,2.5375915929841266,0.009146526868442549,0.21447229310823732,0.0,0.0,0.0,0.0,2.64,1.4538626832655923,0.00524032083503124,77.57181530408117,0.0,1.8,19.8,117.0,395.1,118.92314943182684,0.4286480868573828,30.47285949963739,0.0,0.9,7.2,33.3,179.1,55.29591475040089,0.19930928656052796,43.26667397171684,0.0,4.4,15.2,44.8,240.4,68.85583455659874,0.24818483106667436,21.625523291598373,0.0,2.4,12.8,32.4,94.4,25.51853809697194,0.09197933780701682,76.98386354847435,0.0,2.8,35.2,114.0,293.6,93.45957658476284,0.3368668664844308,3.1513576564331016,0.0,0.0,1.8,4.4,15.8,5.0248098069308496,0.018111487299601024,1.50130605175764,0.0,0.0,0.0,0.0,18.48,10.177038782859157,0.03668224584521868,180.83386585230312,0.0,44.5,115.8,280.2,541.4,171.01588715565399,0.6164118020899811,0.42896730066832894,0.1685130125157322,0.2392620086276046,0.11958779507186512,0.4257159641289274,0.01742681129765255,0.008302128833455557,0.5478894040342251,1.6432740759779447,0.7077196230134166,1.5738965880554283,0.6778403653071688,0.013059061337500635,0.10422449083589544,0.009189584005707394,0.022479658915255392,0.01698629206230572,0.2488661650048411,0.1663229773572727,0.04453126327054068,0.01888875677328396,0.08303239285896281,0.01569533386557049,0.032627269793276834,0.002534354775696013,0.16834774337109953,0.00798695452769615,0.02771143687044555,0.01751626437464966,0.06304728353194172,0.02176266054254153,0.02721616795601469,0.01821158816638609,0.3479060374692806,0.21131034140487645,0.055708086839978015,0.04516622765839917,0.08125110759685643,0.02001168183754791,0.10840881699617724,3.2538255510793084,0.7960501850296882,2.8107216866261964,0.8124807761725223,0.14610362258280168,31,413864.0,62538,325303.0,156274.0,169029.0,72176.0,196323.0,56804.0,39.85342895685855,150.1400000000001,2166.6644465165837
E09000007,351.5500887427446,32.5,150.0,282.0,454.0,1000.0,335.7922213217206,1.1287158977438398,106.75507632469231,18.7,50.0,75.0,113.6,340.8,81.94756279740926,0.6153506361984538,8.456277460413604,0.0,0.2,1.8,12.0,47.1,14.011346743733707,0.03821525078870752,3.3716029031949764,0.0,0.1,0.5,3.3,21.3,6.556258806356388,0.01788186953781844,0.5582524745651224,0.0,0.01,0.12,0.7,2.5,1.6788807259032088,0.004579063608815011,9.3038006886185,0.0,1.0,3.5,10.0,57.2,15.412347742782304,0.042036411274784836,5.34345977327324,0.0,0.6,2.8,7.9,24.0,6.654176379964763,0.01814893484570831,16.536399850492337,0.0,0.5,6.0,22.4,73.0,22.189468121706554,0.060520669757765724,1.6796180852756368,0.0,0.0,1.0,2.3,8.2,2.5992896423535554,0.0070894331124491125,0.2198397316217432,0.0,0.0,0.0,0.0,2.64,1.4339508849728904,0.00391102965976032,76.10649714364727,0.0,1.8,16.2,108.0,423.9,126.10212069360264,0.3439372570983677,30.344426128755305,0.0,0.9,4.5,29.7,191.7,59.00632925720833,0.16093682584036592,37.215202754474,0.0,4.0,14.0,40.0,228.8,61.649390971129215,0.16814564509913935,21.37383909309296,0.0,2.4,11.2,31.6,96.0,26.616705519859053,0.07259573938283323,66.14559940196933,0.0,2.0,24.0,89.6,292.0,88.75787248682622,0.2420826790310629,3.183411864492883,0.0,0.0,1.8,4.4,15.8,5.0995944383737175,0.013908889983777406,1.5388781213523075,0.0,0.0,0.0,0.0,18.480000000000004,10.037656194810195,0.027377207618322245,168.34822562455474,0.0,41.0,97.5,261.77500000000003,558.8,168.74403196730674,0.4602409474744087,0.4520778099163203,0.1802479712285685,0.2210608553574556,0.12696206932860854,0.3929093945396567,0.018909684688880737,0.009141041526533628,0.4788740808646125,1.7014078713641625,0.7327564859180957,1.595529281802035,0.6871570593918133,0.012113953854007542,0.12500800673924814,0.012046017884629195,0.027360726410205143,0.0227449625478706,0.3205102573608623,0.13437540640267395,0.04409820823733334,0.020190570099244742,0.054863147842256564,0.014963382512505069,0.02025268298553352,0.0019099712533798144,0.1370171450976434,0.0072439153634283205,0.02490338534640551,0.02039826006277284,0.0777783690836472,0.025936553800206912,0.026079046427438125,0.02075229861812423,0.3939637512917367,0.187212744676284,0.05115956701528058,0.04742510360768637,0.06309160231104523,0.017229520264264102,0.0893714429042865,3.1659296049192007,0.7745463941516235,2.7502534717041085,0.7950015421283161,0.24350242677186013,31,725931.0,79185,243837.0,121808.0,122029.0,46242.0,169330.0,28265.0,35.934275766521246,21.869999999999976,11149.382716049397
E09000008,359.10073289489617,30.0,150.0,283.0,454.0,1000.0,400.0270008507609,1.557292498966053,111.58634574603303,18.7,47.1,75.0,175.0,340.8,90.00257456687176,0.7710816305798336,8.63974992475026,0.0,0.2,2.2,12.9,45.0,13.613111602812314,0.042796801267766214,3.3574797892347488,0.0,0.1,0.7,3.7,20.0,6.208717231219404,0.01951892008417525,0.5848788348103388,0.0,0.03,0.2,0.8,2.4,1.641179944119482,0.0051595295743123324,10.541949127688024,0.0,1.2,4.0,11.3,59.5,16.660420794221803,0.05237690974489425,5.332272492210317,0.0,0.5,3.2,8.0,23.6,6.313868252890854,0.019849493101489063,19.03559045664472,0.0,0.5,8.3,28.3,73.5,23.39567169909823,0.0735511425635676,1.650409643948046,0.0,0.0,1.0,2.3,8.0,2.465558798568104,0.007751205822371382,0.17106801038903985,0.0,0.0,0.0,0.0,1.32,1.326164498060128,0.004169186305658527,77.75774932268551,0.0,1.8,19.8,116.1,405.0,122.51800442531143,0.385171211409896,30.2173181031602,0.0,0.9,6.3,33.3,180.0,55.8784550809735,0.1756702807575772,42.1677965107521,0.0,4.8,16.0,45.2,238.0,66.64168317688721,0.209507638979577,21.329089968841267,0.0,2.0,12.8,32.0,94.4,25.255473011563417,0.07939797240595628,76.14236182657888,0.0,2.0,33.2,113.2,294.0,93.58268679639292,0.2942045702542704,3.0906494047785515,0.0,0.0,1.8,4.4,15.6,4.868604433604106,0.015305883215801775,1.1974760727232934,0.0,0.0,0.0,0.0,9.24,9.283151486420822,0.0291843041396097,179.51732659555253,0.0,42.3,114.1,278.4,550.7,171.62213140939303,0.5395444087566816,0.4331489934554982,0.16832535709067772,0.234895412662617,0.11881354503955545,0.42415048881674505,0.017216440682306378,0.0066705320062011245,0.4999079928029409,1.6359206571912075,0.7045526779202725,1.561907502851555,0.6726769473571161,0.010888053644085759,0.10751823723135304,0.010347786974661752,0.02514178768812396,0.018787838054419588,0.24933694545116145,0.16520786049228892,0.046587013953873116,0.020897204572362132,0.0732979014905156,0.016621601360748202,0.03605310640409879,0.002628953123465152,0.16074096668958707,0.008463316151646909,0.034732167322397034,0.012749259395211529,0.06479383839402901,0.02404305818927607,0.028222939710203288,0.01868753580697043,0.3418858112852447,0.22165019739096725,0.05652575915725917,0.05101199575885191,0.07119967900907534,0.01928901127245947,0.1026901740256634,3.278712039646589,0.8021386779490925,2.8206194299027314,0.8153418656136927,0.15626426144018324,31,547480.0,69529,380070.0,184305.0,195765.0,93166.0,237511.0,49393.0,36.89643486745178,86.57000000000002,4390.3199722767695
E09000009,364.43765543633936,32.5,160.0,300.0,500.0,1000.0,350.10131828912324,0.8527309600528806,110.77529273526098,17.625,50.0,75.0,150.0,340.8,86.96350311411615,0.4868901364554661,8.597249590072089,0.0,0.3,1.9,12.2,47.1,14.031807693198314,0.027728324586275242,3.416501635110391,0.0,0.1,0.6,3.5,21.3,6.5582269502863815,0.012959744714585187,0.6026782193689985,0.0,0.02,0.2,0.8,2.7,1.8483621641844248,0.0036525576149635344,9.299946891061321,0.0,1.0,3.5,10.0,57.0,15.417960109876221,0.030467507233021364,5.489492392754837,0.0,0.7,3.0,8.2,24.0,6.6430005357484205,0.013127266216121218,17.264903065867923,0.0,0.7,6.8,23.6,73.0,22.517573656471747,0.044497088678364986,1.6784062545421496,0.0,0.0,1.0,2.3,8.0,2.5588119220605043,0.005056480895509786,0.18144869832563829,0.0,0.0,0.0,0.0,1.77276,1.3899993713970715,0.0027467846329948986,77.37524631066644,0.0,2.7,17.1,109.8,423.9,126.28626923878277,0.2495549212764772,30.74851471576334,0.0,0.9,5.4,31.5,191.7,59.024042552578905,0.11663770243126667,37.199787564245284,0.0,4.0,14.0,40.0,228.0,61.671840439504884,0.12187002893208546,21.957969571019348,0.0,2.8,12.0,32.8,96.0,26.57200214299368,0.05250906486448488,69.05961226347169,0.0,2.8,27.2,94.4,292.0,90.07029462588699,0.17798835471345995,3.1828165365994416,0.0,0.0,1.8,4.4,15.599999999999998,5.063426033669054,0.010005861229713836,1.2701408882798528,0.0,0.0,0.0,0.0,12.40932,9.729995599779466,0.01922749243096429,172.8457855703524,0.0,41.5,105.9,267.1,557.0,168.58480602019057,0.3331412690260828,0.4476548042831674,0.17789565776394328,0.21521952323855809,0.12703792284297222,0.3995446694612219,0.01841419810206456,0.00734840530874775,0.4742808076827436,1.6833147537159916,0.7249642042845647,1.5842597801598206,0.6823035492133419,0.010032649244207771,0.12248673305414386,0.013244485463021006,0.02879626585754802,0.022907559147403483,0.30187483027089274,0.14669189036877925,0.05181612697064426,0.021446612666436615,0.05639192160914424,0.017620178417195678,0.021111748623279997,0.0023185251280752875,0.1366837433716317,0.007722291531819229,0.024459368127885395,0.014395070147891481,0.07887661817329453,0.02970297086711167,0.026669589311685168,0.02144074370527968,0.3688247431506003,0.19529488002361733,0.0581044977569219,0.04908275338162511,0.059555757004657275,0.019087950205178162,0.09335949642002886,3.200494612740826,0.7830027420535048,2.8116688035504196,0.8127545543617256,0.4354570003128477,31,1363228.0,157002,344285.0,172747.0,171538.0,81217.0,222669.0,40399.0,36.143459633903646,55.55,6197.7497749774975
E09000010,418.09075861472667,38.0,185.0,335.0,500.0,1400.0,419.32606074973603,0.5850554795685075,128.45174996055633,15.0,56.8,100.0,200.0,340.8,102.613157243351,0.34324313155102704,8.400781522013974,0.0,0.3,2.1,12.0,47.1,13.91676058683373,0.016075529824442627,3.314714594667985,0.0,0.1,0.6,3.6,20.8,6.373011308477183,0.007361593434168859,0.6470808502806589,0.0,0.1,0.23,0.8,2.6,1.9592990910614208,0.002263225754070957,9.558575861341037,0.0,1.0,3.5,10.0,57.9,15.77305305510559,0.01821977055851344,5.606154909825644,0.0,0.7,3.2,8.5,24.0,6.588005181748847,0.0076099371776918905,18.641244310717077,0.0,0.8,7.9,27.3,74.0,23.44217681363508,0.02707852953035492,1.626870792815032,0.0,0.0,1.0,2.3,7.8,2.5111845869513947,0.0029007197810393907,0.15878489006257726,0.0,0.0,0.0,0.0,0.0,1.4189428753743791,0.0016390494303566991,75.60703369848696,0.0,2.7,18.9,108.0,423.9,125.2508452815045,0.14467976841998365,29.83243135221029,0.0,0.9,5.4,32.4,187.2,57.35710177629328,0.06625434090751968,38.23430344536414,0.0,4.0,14.0,40.0,231.6,63.09221222042236,0.07287908223405376,22.424619639302577,0.0,2.8,12.8,34.0,96.0,26.352020726995388,0.030439748710767562,74.56497724286831,0.0,3.2,31.6,109.2,296.0,93.76870725454032,0.10831411812141968,3.0459684738186135,0.0,0.0,1.8,4.4,14.8,4.771860809816122,0.0055120723165173755,1.1114942304388338,0.0,0.0,0.0,0.0,0.0,9.932600127620248,0.011473346012496895,176.7540932846446,0.0,43.0,114.0,272.0,547.2,168.45990980090642,0.19459142717375094,0.4277526607360061,0.16877929556159232,0.21631353896733616,0.1268690259025006,0.4218571454681333,0.017232803027160386,0.006288364867731152,0.4227648893036754,1.6460173376015252,0.7089010814873552,1.5741868999261308,0.6779653958244111,0.0075370438279342596,0.11105967587434867,0.012672705039522248,0.03177814557070571,0.02340833892226757,0.2676877568179188,0.15209686122664673,0.061869850569792426,0.02693738488073609,0.062307669783920876,0.02101706518905006,0.024943494829131992,0.0022016450290090086,0.14686080834812484,0.007616869146433796,0.029110446171243087,0.01089423877321383,0.05921005205187519,0.026426747432181198,0.031222153373467364,0.020923692050970333,0.35416341399384405,0.2029021312262184,0.06702369130396088,0.059665363647704216,0.06435304099133861,0.019779401617084642,0.09433031231135514,3.2795958521633777,0.8023549031604557,2.8420787678592987,0.8215450054130048,0.7929811630035627,31,4224317.0,291284,328738.0,159756.0,168982.0,83274.0,203384.0,42080.0,36.19075068882577,80.84000000000006,4066.526472043539
E09000011,401.8443884519242,35.0,174.0,325.0,500.0,1160.0,443.9851187115187,0.9765127725654836,118.02144006293919,15.0,50.0,90.0,176.0,340.8,97.72610681122966,0.4990473113930572,8.566021976561267,0.0,0.3,2.2,12.5,46.4,13.970627611917445,0.02525067435125841,3.2960858203031225,0.0,0.1,0.7,3.6,20.0,6.285377065751883,0.011360263394808327,0.6411808013028752,0.0,0.07,0.2,0.8,2.6,1.8770455730922333,0.003392593935306987,9.530497554272904,0.0,1.0,3.5,10.2,58.0,15.709740109995826,0.028393966447293268,5.490144616964168,0.0,0.6,3.2,8.3,23.8,6.524992903003817,0.011793347837678384,18.60564929935816,0.0,0.6,7.9,27.8,73.5,23.392280593142086,0.042279479204415486,1.6259673672163142,0.0,0.0,1.0,2.3,7.8,2.4475683768679173,0.004423763466718527,0.1841255357018089,0.0,0.0,0.0,0.0,1.0,1.4835380513423466,0.002681363877324349,77.0941977890987,0.0,2.7,19.8,112.5,417.6,125.73564850725735,0.2272560691613257,29.66477238252164,0.0,0.9,6.3,32.4,180.0,56.56839359176645,0.10224237055327492,38.121990217091614,0.0,4.0,14.0,40.8,232.0,62.8389604399833,0.11357586578917307,21.96057846785667,0.0,2.4,12.8,33.2,95.2,26.099971612015267,0.04717339135071354,74.42259719743264,0.0,2.4,31.6,111.2,294.0,93.56912237256832,0.16911791681766195,3.05270777101398,0.0,0.0,1.6,4.4,15.2,4.78435321660139,0.008647295483757797,1.28887874991304,0.0,0.0,0.0,0.0,7.0,10.384766359396462,0.018769547141270444,177.81895997569112,0.0,41.7,114.1,275.3,550.7,170.75279073469446,0.3086205740486812,0.43355442973931424,0.16682569950120604,0.21438653236023372,0.12349964520576885,0.4185301567819688,0.01716750436191564,0.0072482639089174565,0.4425070128781083,1.6496183939883118,0.7104519720574446,1.57351205356018,0.6776747553142949,0.011132216864607872,0.10939701631295304,0.012582276123069612,0.030069290103281483,0.02178506823481561,0.2649823079098724,0.1557109007371633,0.058902141934910536,0.023552995521649637,0.0662865922069355,0.01909429828496527,0.028471405121947683,0.002871066062717413,0.14411640805710005,0.007902267544050783,0.031318545634142436,0.011825203345817343,0.06603673334246063,0.028630805046461327,0.029293510438858663,0.01969237526423866,0.348051642428648,0.21366676926240374,0.06343168568971831,0.0531243414173572,0.06495770033123968,0.01966326440306487,0.0934511723755488,3.295830205151426,0.8063266464199204,2.836720603929118,0.8199961486871443,0.46703747306523224,31,1699344.0,151435,274542.0,137569.0,136973.0,66010.0,179854.0,28678.0,34.858640936812435,47.38999999999999,5793.247520573962
E09000012,408.01259850371537,36.0,180.0,330.0,500.0,1160.0,448.9236445488466,0.9296345054363212,115.42786774618895,15.0,50.0,100.0,175.0,340.8,93.95218553603658,0.44222264427574415,8.586896326977667,0.0,0.2,1.9,12.0,50.5,14.60143449760517,0.02473437362060703,3.3446500912566086,0.0,0.1,0.6,3.6,21.3,6.598129136390607,0.0111770245096987,0.6266937036830433,0.0,0.03,0.2,0.8,2.5,2.022758126192493,0.003426489037468755,9.429659058831188,0.0,1.0,3.5,10.0,57.60000000000001,15.71154190213954,0.026614860863641718,5.396234700746682,0.0,0.6,3.1,8.0,23.8,6.525629896417736,0.011054213063399028,17.956260270775424,0.0,0.5,7.3,24.4,74.5,23.341869766025557,0.03954039775277533,1.6179233500338683,0.0,0.0,1.0,2.3,7.799999999999999,2.4391103207321985,0.004131776640491221,0.17629781316921708,0.0,0.0,0.0,0.0,0.0,1.4169896142108904,0.002400336113561963,77.28206694292436,0.0,1.8,17.1,108.0,454.5,131.4129104784532,0.22260936258546327,30.10185082105923,0.0,0.9,5.4,32.4,191.7,59.383162227516,0.10059322058728833,37.71863623532475,0.0,4.0,14.0,40.0,230.40000000000003,62.84616760855816,0.10645944345456687,21.584938802986727,0.0,2.4,12.4,32.0,95.2,26.102519585670944,0.04421685225359611,71.8250410831017,0.0,2.0,29.2,97.6,298.0,93.36747906410223,0.15816159101110133,3.077537343814545,0.0,0.0,1.6,4.4,15.599999999999998,4.825384285961612,0.008174050146343769,1.234084692185031,0.0,0.0,0.0,0.0,0.0,9.91892729947622,0.016802352794933736,175.0036688651776,0.0,41.4,105.9,269.3,586.8,173.0292528274564,0.29310614566197346,0.4416025529296891,0.17200697000386675,0.21553054561606425,0.12333992163110427,0.41042020175265903,0.017585558998682898,0.007051764686920748,0.4289173165411067,1.6594637921529003,0.7146921542518316,1.5733651848888237,0.6776115024204262,0.008801008830265508,0.11181977286315603,0.012521858114114544,0.03395124937266932,0.024867425989982213,0.2809668806905176,0.15040332955997207,0.05132446480909268,0.021817979953924482,0.054717489266925184,0.018426455838545148,0.028664792738942662,0.002657856655781682,0.14165033168820784,0.008617967050979386,0.035930951239620444,0.01286018533730324,0.06420491458257975,0.028152997205424926,0.032249141327856765,0.02074331889406963,0.35271975231372604,0.22291619446028274,0.057745763684786185,0.05146630517786985,0.056751329529436324,0.017777113117297218,0.09527316970667056,3.2737093482580715,0.8009147667888413,2.8073482940010392,0.8115056470192289,0.48689903247098304,31,1900959.0,170786,268626.0,133429.0,135197.0,61120.0,188145.0,19361.0,32.97352825100698,19.08,14078.930817610059
E09000013,375.3525502728315,36.0,173.0,300.0,500.0,1000.0,349.93645976981315,0.7399508850741101,106.69336070326678,15.0,50.0,75.0,113.6,340.8,85.64056098284047,0.4239744071245649,8.546939745260309,0.0,0.3,1.8,11.8,48.8,14.351715519626104,0.02478357035683262,3.3852905313920902,0.0,0.1,0.5,3.4,21.5,6.7188593593805335,0.011602607606259013,0.6108087643928438,0.0,0.01,0.16,0.8,2.75,2.568070130957376,0.00443472745016633,8.76828106918422,0.0,0.8,3.2,9.1,56.8,15.065589849996213,0.0260163396845471,5.659217664290872,0.0,0.7,2.9,8.5,24.0,6.8901667180323125,0.011898433423735715,16.350605736078027,0.0,0.5,6.0,21.4,73.0,22.099566099792934,0.03816311370865239,1.6752900873403556,0.0,0.0,1.0,2.4,8.0,2.5356286254686213,0.004378705134739097,0.20452301040760013,0.0,0.0,0.0,0.0,2.0,1.4444402122493178,0.002494362822170303,76.92245770747122,0.0,2.7,16.2,106.2,439.2,129.1654396766304,0.22305213321149356,30.467614782239075,0.0,0.9,4.5,30.6,193.5,60.4697342344265,0.10442346845633113,35.07312427673688,0.0,3.2,12.8,36.4,227.2,60.26235939998485,0.1040653587381884,22.636870657163488,0.0,2.8,11.6,34.0,96.0,27.56066687212925,0.04759373369494287,65.40242294431211,0.0,2.0,24.0,85.6,292.0,88.39826439917174,0.15265245483460954,3.186207171197828,0.0,0.0,1.8,4.6,15.6,4.977986275274262,0.008596343267806433,1.431661072854228,0.0,0.0,0.0,0.0,14.0,10.111081485745174,0.01746053975519211,169.57961955330592,0.0,41.2,102.5,261.6,580.4,168.61066237314932,0.2911689691816161,0.4536067359397001,0.1796655450843363,0.2068239353828244,0.1334881556922457,0.3856738393245034,0.018788856701003928,0.008442412340736487,0.4517875779185302,1.711547093308807,0.7371232111267576,1.60115819605292,0.6895813008070747,0.010139948891480824,0.11544343102919352,0.013930263811524488,0.030894803967217044,0.027820818078898968,0.3208320940322005,0.13317802489399108,0.05565409405400187,0.0229918260628532,0.0527576331865897,0.017554732988353423,0.01961729342861548,0.0020734610994404853,0.127585986735455,0.007082313991930399,0.024772526601501487,0.017670747146752458,0.0773172630418582,0.027981264095017347,0.027060308848048602,0.02446457636738369,0.390277158065556,0.1794981423923336,0.060286492092023275,0.05001238630875609,0.06012681283915072,0.018237597207828363,0.08473799874204427,3.202684294181047,0.7835384488049212,2.7877269516197494,0.8058338070916578,0.6607306145308482,31,1781455.0,158803,182183.0,89454.0,92729.0,34398.0,129350.0,18435.0,35.687813901386406,16.4,11108.719512195124
E09000014,403.24892902776537,37.5,180.0,325.0,500.0,1160.0,400.44437530202,0.759136734710208,115.71138656574041,15.0,50.0,90.0,175.0,340.8,96.02824815316576,0.4228311346917118,8.629170129973417,0.0,0.3,1.9,12.0,49.9,14.516824019651795,0.022556471243350657,3.380991663639189,0.0,0.1,0.6,3.5,21.4,6.708772602554539,0.010424197199252723,0.6248704259057096,0.0,0.03,0.2,0.8,2.7,1.879649621989552,0.0029206293737931697,9.182068633595536,0.0,0.9,3.4,10.0,57.1,15.41604891105531,0.02395370113170392,5.5066912534221055,0.0,0.6,3.1,8.3,24.0,6.633995443441954,0.010308007264257476,17.657641544648023,0.0,0.5,7.0,23.9,73.7,23.104063039414463,0.03589945933405424,1.6750841838446031,0.0,0.0,1.0,2.4,8.0,2.591881571775999,0.004027306665755032,0.1834810217263849,0.0,0.0,0.0,0.0,1.0,1.4401281100442902,0.0022376938824207647,77.66253117007736,0.0,2.7,17.1,108.0,449.1,130.65141617686493,0.2030082411901558,30.42892497255353,0.0,0.9,5.4,31.5,192.6,60.3789534229909,0.0938177747932745,36.728274534382145,0.0,3.6,13.6,40.0,228.4,61.66419564422124,0.09581480452681568,22.026765013688426,0.0,2.4,12.4,33.2,96.0,26.535981773767816,0.04123202905702991,70.63056617859209,0.0,2.0,28.0,95.6,294.8,92.41625215765787,0.14359783733621695,3.1571881986109247,0.0,0.0,1.8,4.6,15.6,5.014487793088581,0.007791590609062612,1.2843671520855249,0.0,0.0,0.0,0.0,7.0,10.080896770309948,0.015663857176945357,174.7614177130927,0.0,41.5,107.4,269.7,582.1,171.29111167076232,0.26615484415962165,0.4443917438205761,0.17411694967197489,0.21016237459620105,0.1260390611493548,0.4041542298228944,0.018065704890275654,0.007349260316679746,0.4333834639919393,1.6754279536111019,0.721567544361178,1.5815357263509533,0.6811303630949322,0.008870264944303135,0.11100036806603432,0.013833464665028288,0.033510451937026564,0.026622810734373958,0.28797688899457263,0.14692032445463618,0.05671189283333693,0.02289977852796353,0.05532879933318071,0.018943384866794245,0.025621696417617086,0.002380413321713746,0.1370287078858464,0.007976661324860647,0.030285763433461624,0.014088328259250032,0.06555887101371513,0.030090653713588593,0.03136115686768664,0.023651460165588868,0.36048428862612536,0.2074234886843636,0.062106914610495174,0.051687383325634974,0.0582107015081699,0.01843312870275686,0.0909919527818748,3.26823306376713,0.7995749908193391,2.8251503943101914,0.8166516080531878,0.5785342300064708,31,2334119.0,178270,268251.0,134472.0,133779.0,60298.0,182741.0,25212.0,34.982777323655164,29.599999999999994,9062.533783783783
E09000015,422.546862938905,37.0,180.0,335.0,500.0,1200.0,499.54413399776405,0.9072514554720488,139.35274680778016,15.0,56.8,100.0,227.2,340.8,100.87348061590927,0.409176682704426,8.246375833640561,0.0,0.3,1.8,11.0,47.0,14.080947888468751,0.020713043275693024,3.3388267276892036,0.0,0.1,0.6,3.1,21.4,6.650303846606199,0.009782582285108076,0.5826160859566591,0.0,0.03,0.2,0.8,2.4,1.7054394769407255,0.0025086977076932103,9.72665473911849,0.0,1.3,4.0,10.0,57.3,15.657501181610858,0.02303214969139395,5.12529064882295,0.0,0.7,3.0,7.9,23.5,6.16311305217233,0.009065925701434769,18.5368605347418,0.0,1.5,7.9,27.6,73.7,23.316114939023524,0.034297953630558625,1.6750963891244055,0.0,0.0,1.0,2.4,7.8,2.509426703993982,0.0036913611447686842,0.15508551025058548,0.0,0.0,0.0,0.0,0.0,1.3718586642173454,0.002018001068190753,74.21738250310362,0.0,2.7,16.2,99.0,423.0,126.72853099621972,0.18641738948123726,30.04944054913939,0.0,0.9,5.4,27.9,192.6,59.8527346194561,0.08804324056597268,38.90661895647396,0.0,5.2,16.0,40.0,229.2,62.63000472644343,0.0921285987655758,20.5011625952918,0.0,2.8,12.0,31.6,94.0,24.65245220868932,0.03626370280573908,74.1474421389672,0.0,6.0,31.6,110.4,294.8,93.2644597560941,0.1371918145222345,3.1453932622215373,0.0,0.0,1.8,4.6,15.4,4.869610203150791,0.007163185864512886,1.0855985717547,0.0,0.0,0.0,0.0,0.0,9.60301064952124,0.014126007477335268,173.09697907130055,0.0,41.5,101.2,269.2,550.7,170.931289111057,0.2514395491390697,0.4287618588221153,0.17359887336197646,0.2247677525351144,0.11843743724058375,0.42835780576173466,0.01817127762192727,0.0062716205538603294,0.40965155407230697,1.6352851409496592,0.7042789759727627,1.56325599758782,0.6732577124287108,0.007341374774554874,0.12832404431607067,0.013115369142381877,0.030848125697806345,0.01779999457575634,0.29220061565165506,0.15597243128161314,0.0441702941296123,0.01998890290151833,0.05393449773763837,0.018872977774161616,0.023014048791071696,0.0023002183258071947,0.14759536498379508,0.006611361982380249,0.02718393610240972,0.010726441831767084,0.06634337439683702,0.02460183507606652,0.028293577374021325,0.015864708913271627,0.3743992643402712,0.2333515371452496,0.047051948445501375,0.043906961268963714,0.05342222057391595,0.018827401474916145,0.09393717099098553,3.1683521587160044,0.7751390732513221,2.7117718112893665,0.783877847644105,0.8111450370837024,31,2524668.0,220958,246818.0,122713.0,124105.0,57186.0,152725.0,36907.0,38.0376066576336,50.42000000000003,4895.239984133277
E09000016,334.56633815772324,28.0,130.0,250.0,430.0,1000.0,389.144385108786,2.2446934518136468,104.66232109848788,18.7,45.0,75.0,113.6,340.8,93.79059580490521,1.3359878064307935,8.697017985176341,0.0,0.2,2.4,13.1,42.67499999999127,13.098733927052471,0.06161008365599476,3.3137192400480493,0.0,0.1,0.8,3.6,19.6,5.969828194802691,0.02807917288357889,0.5984915999205856,0.0,0.075,0.25,0.8,2.3,1.568954846171829,0.007379601712917273,10.857150210491062,0.0,1.3,3.9,11.4,59.9,17.085213249291574,0.08036054655598505,5.48405682924171,0.0,0.6,3.3,8.3,23.5,6.351102519981008,0.029872502162647925,20.112210082758214,0.0,1.5,10.1,30.1,73.1,23.57425631294004,0.110881854052205,1.7548513329070876,0.0,0.0,1.2,2.4,8.5,2.6042209580927365,0.012248990778827813,0.14292773679330906,0.0,0.0,0.0,0.0,0.0,1.3187101995032096,0.006202572413629325,78.27316186661267,0.0,1.8,21.6,117.9,384.07499999992143,117.88860534347307,0.5544907529039529,29.823473160444735,0.0,0.9,7.2,32.4,176.4,53.728453753224294,0.25271255595221,43.42860084196425,0.0,5.2,15.6,45.6,239.6,68.34085299716631,0.3214421862239402,21.93622731696684,0.0,2.4,13.2,33.2,94.0,25.40441007992403,0.11949000865059173,80.44884033103286,0.0,6.0,40.4,120.4,292.4,94.29702525176016,0.44352741620882,3.2771363084027643,0.0,0.0,2.0,4.6,16.0,5.149702797544171,0.024221701267246074,1.000494157553136,0.0,0.0,0.0,0.0,0.0,9.230971396522532,0.04341800689540528,184.9358599805426,0.0,45.6,122.8,285.4,545.2,171.820787611192,0.8081615488579189,0.4232449124515273,0.1612638736672407,0.23483061017226964,0.11861532597990886,0.4350094153697233,0.017720394026056154,0.0054099521729230856,0.5527629019670205,1.6210915899646106,0.6981661462876827,1.5560634666035598,0.6701600579405733,0.008227478506218308,0.09341628265985187,0.007984643581930769,0.021236492307336503,0.018056511155952058,0.25254832125904125,0.17311817388136935,0.043756540643050006,0.02179732534676249,0.09441653127656006,0.015460490179640025,0.030666581867169293,0.002168168966853033,0.17156287400914674,0.00885769295258359,0.027382528605375902,0.00934336280115867,0.05952386170113616,0.02132744497695516,0.026560440383841186,0.018106810678911973,0.3613957382258953,0.19919065087188934,0.053276752448389884,0.04966115095806973,0.07868433256084968,0.01910223245758343,0.11317058473647827,3.2016400249053336,0.7832829677605004,2.792741064401289,0.8072832107319918,0.10388895657089404,31,245137.0,36461,249375.0,119743.0,129632.0,54279.0,149202.0,45894.0,40.05118796955948,112.44,2217.8495197438633
E09000017,381.308470403776,33.0,170.0,300.0,500.0,1000.0,374.04853419717733,1.0175038688863922,127.08682927080393,15.0,56.8,100.0,227.2,340.8,95.15523889773935,0.5951130140954067,8.293405961479136,0.0,0.3,2.0,11.8,44.2,13.542414113449436,0.03014247296533335,3.3462965885276774,0.0,0.1,0.6,3.4,21.3,6.412477512650553,0.01427278241875069,0.6110761433936923,0.0,0.05,0.2,0.8,2.5,1.7641823854071152,0.0039266868826023475,9.761097044005815,0.0,1.1,3.6,10.0,58.3,15.910791313438553,0.03541396629911685,5.429002361327076,0.0,0.7,3.2,8.1,23.9,6.470218701626223,0.014401301766416554,18.120803284181115,0.0,1.1,7.9,25.9,73.0,22.79818099122826,0.050743800066223234,1.652407574821115,0.0,0.0,1.0,2.3,7.7,2.483748435190541,0.005528284649489979,0.1986889705201364,0.0,0.0,0.0,0.0,2.0,1.4848265623817136,0.0033049014850573075,74.64065365327912,0.0,2.7,18.0,106.2,397.8,121.88172702104376,0.2712822566880001,30.116669296625403,0.0,0.9,5.4,30.6,191.7,57.71229761385656,0.12845504176875625,39.044388176023276,0.0,4.4,14.4,40.0,233.2,63.64316525375421,0.1416558651964674,21.716009445308305,0.0,2.8,12.8,32.4,95.6,25.880874806504888,0.057605207065666214,72.48321313672446,0.0,4.4,31.6,103.6,292.0,91.19272396491304,0.2029752002648929,3.122144075850951,0.0,0.0,1.8,4.4,15.0,4.886818709137059,0.01087699723200472,1.3908227936412312,0.0,0.0,0.0,0.0,14.0,10.393785936672161,0.023134310395401144,173.35284310486554,0.0,41.9,105.9,265.4,541.4,167.32803561916901,0.3724358705723049,0.4305706922160319,0.17373046070208992,0.22523073447606695,0.12527056987563648,0.4181253208110208,0.018010342489521713,0.008023074607434543,0.4546262581612686,1.6604144651971096,0.7151015868463648,1.5850789923568889,0.6826563647027071,0.009315449531513156,0.11709909120402864,0.010169828904390941,0.028357381333684907,0.0197838588218871,0.28414900066049603,0.14732809331218713,0.054420476151699516,0.023998883231803075,0.06461227850440955,0.021448670671004484,0.02181963418086216,0.0018923016670091934,0.14838669649885414,0.006573938714760082,0.024201814489808845,0.016442602121601063,0.06697632317193064,0.02060996009506913,0.02976909888021534,0.019149887214237715,0.3762832626549732,0.18794129685693686,0.060858588431906,0.05177816252799425,0.07133223690674836,0.02198218409566928,0.0933189991643192,3.2260076048509507,0.7892445094043049,2.7997495498477165,0.8093091173603149,0.28426168678342195,31,1073743.0,96047,296056.0,147929.0,148127.0,70644.0,186478.0,38934.0,36.37235860789824,115.70999999999998,2558.6034050643852
E09000018,342.60218711003847,30.0,150.0,255.0,450.0,1000.0,359.32865232449234,2.105657926060147,108.53309918585659,18.0,50.0,75.0,135.0,340.8,91.5364390042132,1.2641404986345701,8.960518545007483,0.0,0.3,2.3,13.6,46.4,13.835626265223286,0.0656567792283627,3.5581875663135643,0.0,0.1,0.8,4.0,20.7,6.45926376877738,0.03065234974656435,0.5890135399361498,0.0,0.03,0.2,0.8,2.6,1.5541275787307431,0.007375091620240933,10.461473376910947,0.0,1.1,3.7,10.7,57.3,16.6928358889445,0.07921562924914953,5.426942404080199,0.0,0.7,3.2,8.1,23.7,6.434539955504235,0.03053502322164693,18.692547103790638,0.0,1.0,7.9,28.1,73.0,23.16797565463077,0.10994331832651708,1.7220797842717024,0.0,0.0,1.1,2.4,8.0,2.5686821934476334,0.012189646962850804,0.17615029574699334,0.0,0.0,0.0,0.0,1.0,1.4086472162479668,0.0066847165075795845,80.6446669050824,0.0,2.7,20.7,122.4,417.6,124.52063638700993,0.5909110130552644,32.0236880968511,0.0,0.9,7.2,36.0,186.3,58.13337391899672,0.2758711477190792,41.84589350764379,0.0,4.4,14.8,42.8,229.2,66.771343555778,0.3168625169965981,21.7077696163208,0.0,2.8,12.8,32.4,94.8,25.73815982201694,0.12214009288658773,74.77018841516255,0.0,4.0,31.6,112.4,292.0,92.67190261852308,0.4397732733060684,3.2456591142243774,0.0,0.0,2.0,4.6,15.8,5.057456262977424,0.02400009099335458,1.2330520702288943,0.0,0.0,0.0,0.0,7.0,9.86053051373577,0.04679301555305709,181.60133612099412,0.0,41.7,116.8,284.4,552.3,172.1945879615107,0.8171471120555909,0.4440752949711335,0.17634059738148036,0.23042723363975395,0.11953529682104175,0.4117270831385624,0.01787244071850836,0.006789884350891333,0.5300647309138938,1.6558391326143709,0.7131310983575898,1.5661643761421151,0.6745102828940491,0.010770217699646291,0.10873211584752196,0.010793759159099069,0.02568961762784484,0.02018091611589461,0.2836392742168051,0.15443785937509194,0.045205487514198436,0.01868603344064315,0.06838205434545915,0.016743863035788904,0.023653281385179473,0.0022952922966459305,0.16338949933201108,0.009646113010776105,0.025095195776662173,0.012659419820731786,0.07196636219068378,0.026377179003874887,0.02553549449092544,0.02017877320607288,0.368769416674488,0.20042941036145945,0.05434225009745279,0.04278015869107351,0.06505412109523814,0.020039618133912914,0.10452721605481803,3.195580492409561,0.7818004998504268,2.7887104091853616,0.8061180900820524,0.0707435794979836,31,235613.0,31179,266412.0,134797.0,131615.0,62349.0,173737.0,30326.0,35.741396784053656,55.95000000000002,4761.608579088471
E09000019,362.99038584513437,32.5,165.0,300.0,475.0,1000.0,344.0530554320462,0.8818955414160294,108.49080473531887,18.7,50.0,75.0,132.0,340.8,83.05569520718619,0.4847584408437344,8.45522691750544,0.0,0.3,1.8,12.1,47.0,13.876782803103433,0.029060761883174437,3.3197980313229762,0.0,0.1,0.5,3.5,20.7,6.403760256198144,0.013410756268426464,0.6044092328512366,0.0,0.03,0.2,0.8,2.7,1.8543500978617629,0.0038833804208530383,9.209148966833947,0.0,0.9,3.3,9.6,57.3,15.563641008024339,0.032593380741554566,5.56624077961883,0.0,0.7,3.1,8.3,24.0,6.714291508662452,0.014061070892009834,17.023207813331467,0.0,0.5,6.6,23.2,73.0,22.397326230904707,0.046904485978590274,1.6671244632734867,0.0,0.0,1.0,2.3,8.0,2.536017711800996,0.005310928901883359,0.2187373553651527,0.0,0.0,0.0,0.0,2.64,1.472390800614692,0.003083481168709432,76.09704225753906,0.0,2.7,16.2,108.9,423.0,124.89104522793043,0.26154685694857,29.87818228170548,0.0,0.9,4.5,31.5,186.3,57.63384230578272,0.12069680641583813,36.83659586733579,0.0,3.6,13.2,38.4,229.2,62.254564032097356,0.13037352296621826,22.26496311847532,0.0,2.8,12.4,33.2,96.0,26.857166034649808,0.05624428356803934,68.09283125332587,0.0,2.0,26.4,92.8,292.0,89.58930492361883,0.1876179439143611,3.1643550900589488,0.0,0.0,1.8,4.4,15.6,4.984981161027061,0.010439548746148948,1.5311614875566868,0.0,0.0,0.0,0.0,18.48,10.306735604302906,0.021584368180966026,171.15035320708412,0.0,41.4,105.9,263.4,556.8,168.06021487854585,0.3519517424116775,0.4446210062182291,0.17457271762421805,0.21522944695746665,0.13009007986992424,0.3978538751301123,0.018488744140832847,0.008946294640152166,0.4715010641634554,1.6951719200486428,0.7300708078692145,1.5990384066872698,0.6886683572192359,0.012487228710317369,0.11034852448651396,0.012277619202521729,0.02748518988559673,0.02347741028025822,0.2985057018367749,0.14301210008109486,0.05235770607019971,0.02329758135826961,0.06221851619376624,0.018914108208903938,0.024661761269660912,0.002450025886201509,0.13655085836811556,0.0074680545946862265,0.026439433160911376,0.01804818040620719,0.06694584258980654,0.026449750661107416,0.02704243892052324,0.02209812675638172,0.3720584218401645,0.1943492504271138,0.06135043811120035,0.05197117949303754,0.07035222968976235,0.020421111619187183,0.08696120989171548,3.247096097287674,0.7944038205114053,2.8113609184393984,0.8126655556055823,0.43470246977358284,31,1199659.0,131864,227507.0,113683.0,113824.0,40109.0,167416.0,19982.0,34.48417411350173,14.899999999999993,15268.926174496653
E09000020,375.6713688793893,40.0,174.0,300.0,500.0,1000.0,348.0640624169294,0.9135608706039059,103.80774597430462,15.0,56.8,75.0,113.6,300.0,80.08129016098253,0.4757116988392741,8.36314239510417,0.0,0.2,1.8,11.0,49.9,14.471697904116562,0.030726419499036917,3.3418321173910566,0.0,0.1,0.4,3.2,21.4,6.796785601931362,0.014430987091746552,0.5849517907495164,0.0,0.01,0.12,0.73,2.7,1.9733925110996504,0.004189922048819129,8.535685102138256,0.0,0.8,3.2,8.9,56.2,14.724862764859559,0.03126394106458867,5.507112937614263,0.0,0.7,2.8,8.2,24.0,6.803044711237107,0.014444276480420787,16.017044584180507,0.0,0.5,5.5,19.7,73.0,21.942219852607295,0.046587888746595,1.6478021881294778,0.0,0.0,1.0,2.3,7.799999999999999,2.5625744699689177,0.005440877683011281,0.24037975526401675,0.0,0.0,0.0,0.0,6.6,1.5935649752422198,0.0033834693242413326,75.2682815559505,0.0,1.8,16.2,99.0,449.1,130.24528113704503,0.2765377754913323,30.07648905631359,0.0,0.9,3.6,28.8,192.6,61.171070417380676,0.12987888382571894,34.142740408553024,0.0,3.2,12.8,35.6,224.8,58.899451059438235,0.12505576425835468,22.028451750457048,0.0,2.8,11.2,32.8,96.0,27.21217884494843,0.05777710592168316,64.06817833672201,0.0,2.0,22.0,78.8,292.0,87.7688794104292,0.18635155498638,3.1404933444249665,0.0,0.0,1.8,4.4,15.2,5.0250208917923045,0.01066916272960072,1.6826582868489348,0.0,0.0,0.0,0.0,46.2,11.1549548266956,0.02368428526968933,166.18806327456767,0.0,41.0,97.5,257.9,581.2,168.2721468357666,0.3572767071242434,0.4529102757013057,0.1809786362731883,0.20544640653368754,0.132551347650419,0.3855161259739319,0.01889722572454797,0.010125024948807123,0.44237617514025396,1.7179670018513908,0.7398881152410236,1.6094036278589527,0.6931324149971257,0.010144768912285407,0.12004368605823945,0.015321896342116444,0.031448783628084766,0.02866544505760275,0.3296226075351389,0.13022729225290364,0.05025897406022603,0.022216102408029195,0.04944339113027084,0.015581988445320046,0.019036152802345302,0.0029422183620317318,0.12160776933949552,0.00751795635866348,0.025822085232535288,0.020098882074711163,0.08278991580735247,0.03345352419169422,0.02566090809141932,0.024714328400019688,0.38608731137023256,0.18089253336850503,0.056202020601722885,0.05197376953320502,0.05537038492690917,0.016655041027884558,0.08620026268105523,3.1939319385807057,0.7813971802624862,2.794935107234205,0.8079174313424227,0.485429142724631,31,1187885.0,109238,158589.0,78878.0,79711.0,28328.0,107647.0,22614.0,38.888472719130675,12.11,13095.706028075967
E09000021,309.3063720744835,28.0,132.0,250.0,400.0,1000.0,312.4857687984285,3.2681628012645434,99.15155588139577,18.7,47.1,75.0,113.6,340.8,82.58939591253547,2.06654373119026,8.730198356041493,0.0,0.2,2.3,13.2,44.0,13.079705735760102,0.11067943967694373,3.2825082104720362,0.0,0.1,0.7,3.5,19.5,5.966739406221353,0.05049007886877683,0.5988686627461286,0.0,0.03,0.2,0.8,2.5,2.537430612989728,0.02147153797940607,10.391524519579557,0.0,1.2,3.7,10.9,59.5,16.563932782627713,0.1401626945027952,5.5634342323533685,0.0,0.7,3.3,8.5,23.7,6.480226676656586,0.054835167704960296,18.86864952004596,0.0,1.4,8.9,27.3,73.0,22.785702113497386,0.19281081650581067,1.8291804439804864,0.0,0.0,1.2,2.4,8.8,2.6966935360344837,0.022819208289427968,0.16943692549998918,0.0,0.0,0.0,0.0,1.0,1.32725157892753,0.0112310983162575,78.57178520437122,0.0,1.8,20.7,118.8,396.0,117.71735162184072,0.9961149570924936,29.542573894239602,0.0,0.9,6.3,31.5,175.5,53.7006546559922,0.4544107098189914,41.56609807831822,0.0,4.8,14.8,43.6,238.0,66.25573113051087,0.5606507780111808,22.253736929413478,0.0,2.8,13.2,34.0,94.8,25.920906706626344,0.2193406708198412,75.47459808018384,0.0,5.6,35.6,109.2,292.0,91.14280845398956,0.7712432660232427,3.44105235689921,0.0,0.0,2.0,4.8,17.0,5.368500824892985,0.045427831115486296,1.1860584784999169,0.0,0.0,0.0,0.0,7.0,9.290761052492778,0.07861768821380251,180.92723104937176,0.0,44.1,117.0,278.0,548.1,169.82493145086383,1.4370451932086146,0.4342728551620314,0.16328428685330384,0.2297393147357436,0.1229982728434109,0.4171544418296447,0.019018985350857488,0.006555444814032792,0.5849450492594541,1.660758991613416,0.715249966297505,1.5768753639574042,0.6791232542599037,0.01080495008786032,0.0978988297753019,0.009776797397839009,0.02026395483605638,0.020469585374060642,0.2819381612891165,0.16351366508393464,0.0396866938348226,0.02119863909971212,0.08832766291546716,0.015011029274311137,0.02714323101656261,0.0022432422327737693,0.15631659625378547,0.008468239428720978,0.02389052977904064,0.01304819232063409,0.0708832473623962,0.024590961616275882,0.02395637710758329,0.020394761113774768,0.3750709001349746,0.18450150700598364,0.04863400372329167,0.049815858217694006,0.07952385915271099,0.0183474628830695,0.10428106168224532,3.1860161746390507,0.7794605843228803,2.790223265864716,0.8065554037353138,0.0,31,74649.0,12364,171609.0,84301.0,87308.0,37534.0,111139.0,22936.0,37.07246123485866,37.26,4605.716586151369
E09000022,400.45552191967766,37.0,180.0,325.0,500.0,1100.0,408.7492757512845,0.6951151318187934,107.14733720251252,15.0,50.0,75.0,113.6,340.8,88.64272390450786,0.3468758846473827,8.36765517348801,0.0,0.2,1.8,11.5,48.1,14.182822398017278,0.019727106466475363,3.233230372319132,0.0,0.1,0.5,3.3,20.7,6.373414457654327,0.008864880489422524,0.6242120399597525,0.0,0.03,0.2,0.8,2.7,2.0255334581435736,0.002817345734075661,9.112984575553432,0.0,0.9,3.4,10.0,57.3,15.39497641447116,0.02141311018740589,5.5582214788862485,0.0,0.6,3.0,8.4,24.0,6.699384300292584,0.009318276972162049,17.44356553258844,0.0,0.5,7.0,23.2,74.0,22.97548977211453,0.031956963158283974,1.6459301697798143,0.0,0.0,1.0,2.3,7.9,2.4949276328095933,0.003470233332786214,0.19605823897458496,0.0,0.0,0.0,0.0,2.0,1.4775734527561364,0.002055179709409077,75.30889656173359,0.0,1.8,16.2,103.5,432.9,127.64540158215219,0.1775439581982783,29.099073350848627,0.0,0.9,4.5,29.7,186.3,57.36073011889068,0.07978392440480274,36.451938302213726,0.0,3.6,13.6,40.0,229.2,61.579905657884645,0.08565244074962358,22.232885915544998,0.0,2.4,12.0,33.6,96.0,26.797537201170336,0.0372731078886482,69.77426213035376,0.0,2.0,28.0,92.8,296.0,91.90195908845811,0.1278278526331359,3.119131121018899,0.0,0.0,1.8,4.4,15.6,4.870774777346587,0.0067748357774239576,1.3724076728231984,0.0,0.0,0.0,0.0,14.0,10.343014169292774,0.014386257965863531,171.8075834014603,0.0,41.2,105.9,266.1,561.2,169.31887211210457,0.2355082312393633,0.4383327852633861,0.1693701335805023,0.21216722557023,0.1294057309658662,0.406118640102825,0.018154793049678545,0.007988050618326392,0.4290303766517197,1.679154609689237,0.7231725277740323,1.5919469364572376,0.6856142272288857,0.010281032080220284,0.11016931143041897,0.013115032802761445,0.031795858847435535,0.0272632792237034,0.2927268237839501,0.1459108117051668,0.05596152114141264,0.024384752155226938,0.05399730210822128,0.019403367203715115,0.026648512061073958,0.0027424181246515056,0.13141951002804148,0.007866995756841624,0.031330862121133916,0.014982609426025044,0.06960885987136636,0.027724677447336688,0.029829847206492295,0.024298504027900462,0.36027651257815,0.2076395604156725,0.06246208948656901,0.0552882075936205,0.057783543348445876,0.01915520465641864,0.08593299336802772,3.27529715236256,0.8013032239237822,2.8260807027983432,0.8169205275147374,0.6097306715075267,31,2802708.0,236107,320736.0,160869.0,159867.0,62418.0,233025.0,25293.0,34.32011997347239,26.82,11958.836689038033
E09000023,403.3811733828388,35.0,175.0,325.0,500.0,1200.0,412.2723005013838,0.7399305019280855,109.09543856052989,15.0,50.0,75.0,135.0,340.8,92.06716874825686,0.3762235118069423,8.406822958037202,0.0,0.3,2.0,12.0,47.1,13.975910580307662,0.020433709181389627,3.2441703087164244,0.0,0.1,0.6,3.5,20.0,6.2330501744232825,0.009113133190522364,0.6406344231440976,0.0,0.05,0.2,0.8,2.62,1.9737154414398024,0.0028857030177357997,9.396685662680325,0.0,1.0,3.5,10.1,57.3,15.505921234832945,0.022670686341435254,5.507019103433431,0.0,0.6,3.2,8.4,23.8,6.5657068051432335,0.00959949927095329,18.274892537780133,0.0,0.5,7.9,26.0,74.0,23.297536648110363,0.03406254539013876,1.6322566358376207,0.0,0.0,1.0,2.3,7.8,2.456889339276394,0.0035921353360952608,0.1883333578065488,0.0,0.0,0.0,0.0,1.76,1.4905535458957435,0.0021792882475248727,75.66140662261441,0.0,2.7,18.0,108.0,423.9,125.78319522276877,0.18390338263250675,29.19753277835321,0.0,0.9,5.4,31.5,180.0,56.097451569805386,0.08201819871470127,37.58674265072129,0.0,4.0,14.0,40.4,229.2,62.02368493933178,0.09068274536574103,22.028076413733725,0.0,2.4,12.8,33.6,95.2,26.26282722057293,0.03839799708381316,73.09957015112053,0.0,2.0,31.6,104.0,296.0,93.19014659244145,0.13625018156055504,3.077826127114918,0.0,0.0,1.8,4.4,15.4,4.750512031816262,0.006945563994778275,1.3183335046466929,0.0,0.0,0.0,0.0,12.32,10.43387482127052,0.015255017732674103,175.1852128193215,0.0,41.5,110.0,271.8,552.3,169.46758055026078,0.24777285435104696,0.43189379631400937,0.1666666513027346,0.2145543110963746,0.125741642569185,0.4172702077686905,0.017568983577907666,0.007525369769686929,0.4342919907495475,1.6570043778038628,0.7136329421451119,1.5809648769501343,0.6808845116398092,0.010249719732039765,0.10754453923835397,0.012017240887163532,0.031200834171478658,0.02462887932554348,0.27098707493159113,0.15198107330735222,0.0594615832803021,0.02269456865039853,0.06052948396553837,0.02032481419479561,0.029606818892886987,0.0029719877560820808,0.14179571865854212,0.007985188195107918,0.033015929518554775,0.013004545294268765,0.06462159500225556,0.0263244482600242,0.030877539414395593,0.022578209680857685,0.35408682520611284,0.21022153903828095,0.06638247671663093,0.051814526194059414,0.0631537073022745,0.02024441338542412,0.08969471979968424,3.3012715412219578,0.8076578722394234,2.8339067842266834,0.8191827723835702,0.6374725134702377,31,2585313.0,223142,294999.0,144943.0,150056.0,67332.0,200119.0,27548.0,34.88531147537555,35.170000000000016,8387.802104065959
E09000024,343.53584795257586,30.0,150.0,270.0,450.0,1000.0,340.4752568493964,1.3187108069845477,107.68671053881016,18.7,50.0,75.0,132.0,340.8,81.31393914360352,0.6935623714131357,8.500870626134384,0.0,0.3,2.0,12.5,45.0,13.553580051944994,0.04257406209522774,3.360760015307899,0.0,0.1,0.6,3.5,20.5,6.357592720136452,0.01997026218946609,0.5794746458015897,0.0,0.02,0.2,0.79,2.5,1.6232949593643966,0.005099041001269085,9.91194945663201,0.0,1.1,3.6,10.1,58.5,16.194631081269222,0.05087004515565712,5.428376848370041,0.0,0.7,3.2,8.1,24.0,6.525062609765576,0.020496313126032305,17.679748004380862,0.0,0.6,7.1,25.4,73.0,22.567798910638412,0.07088923136852325,1.6949720673262827,0.0,0.0,1.1,2.4,8.1,2.54865993580131,0.008005767181111272,0.21545963544971514,0.0,0.0,0.0,0.0,2.64,1.424213829064899,0.004473693870040591,76.50783563512711,0.0,2.7,18.0,112.5,405.0,121.98222046750378,0.3831665588570496,30.246840137829704,0.0,0.9,5.4,31.5,184.5,57.21833448122786,0.17973235970519486,39.64779782652804,0.0,4.4,14.4,40.4,234.0,64.77852432507687,0.2034801806226285,21.713507393480164,0.0,2.8,12.8,32.4,96.0,26.100250439062304,0.08198525250412922,70.71899201752345,0.0,2.4,28.4,101.6,292.0,90.27119564255365,0.28355692547409306,3.2106572076577033,0.0,0.0,2.0,4.6,16.0,5.069596915499173,0.015924451919791312,1.5082174481481008,0.0,0.0,0.0,0.0,18.48,9.969496803454332,0.03131585709028413,173.65920970192687,0.0,41.5,105.9,268.1,548.7,168.64517759139818,0.5297427126500399,0.440563076190702,0.17417354478202546,0.22830806321519334,0.12503516185953964,0.40722857220706776,0.018488263381876247,0.008684926360869913,0.5055053518778628,1.6786231569503047,0.7229436435376504,1.5897697448726231,0.6846765618509575,0.01360379338529728,0.11513460690554955,0.01128320694732011,0.024642049541942018,0.01872455412510024,0.2880234533935998,0.15304009715521888,0.04766484543605108,0.021050297421828467,0.06639713484927791,0.0167314282178154,0.02469103970007709,0.0022483904154623254,0.14634907292571805,0.007505807912168381,0.024502814355663392,0.018407407311910026,0.07059453045828416,0.024937161883489902,0.025402031272671467,0.018688603677097067,0.36435507037689296,0.2029141589362639,0.059069661744064125,0.0503969855006006,0.07016144056058715,0.019562954785546868,0.09391740080450177,3.2198003025660293,0.7877258895352072,2.8011086377712817,0.8097019818748908,0.3600896747981026,31,535480.0,76756,205965.0,101313.0,104652.0,46260.0,134778.0,24927.0,36.5931638868283,37.63999999999999,5471.971307120086
E09000025,438.27497773089465,35.0,175.0,335.0,500.0,1500.0,626.4068602535423,1.1592744341684165,142.1121967079462,18.75,50.0,100.0,227.2,340.8,110.2692795104916,0.4485097760853426,8.872272109393199,0.0,0.3,2.2,12.9,50.0,14.781292887440017,0.0221526630955072,3.5462317513247563,0.0,0.1,0.7,3.9,21.0,6.700536422059861,0.010042066485482585,0.5835103994345735,0.0,0.05,0.2,0.8,2.3,1.7041223244309671,0.002553961146303325,10.508765830349097,0.0,1.4,4.1,11.3,58.5,16.451313201715973,0.024655515698897828,5.080082851452594,0.0,0.6,3.2,7.7,23.3,6.061704235678048,0.009084651304872187,19.639043588245553,0.0,0.9,7.9,35.9,75.0,24.27217785132944,0.03637661350933738,1.58883415677866,0.0,0.0,1.0,2.3,7.5,2.3900174723544816,0.003581909394572228,0.13542044964887473,0.0,0.0,0.0,0.0,0.0,1.311939358447247,0.001966198141849487,79.85044898477857,0.0,2.7,19.8,116.1,450.0,133.03163598695738,0.1993739678595648,31.916085761886002,0.0,0.9,6.3,35.1,189.0,60.30482779853557,0.09037859836934324,42.035063321396386,0.0,5.6,16.4,45.2,234.0,65.80525280686389,0.09862206279559133,20.32033140581037,0.0,2.4,12.8,30.8,93.2,24.246816942712183,0.03633860521948875,78.55617435298221,0.0,3.6,31.6,143.6,300.0,97.08871140531777,0.14550645403734952,2.978532856999494,0.0,0.0,1.6,4.4,14.6,4.639266047040576,0.006952849018900362,0.9479431475423222,0.0,0.0,0.0,0.0,0.0,9.183575509130831,0.013763386992946415,182.65343074822755,0.0,41.5,110.4,290.1,582.1,178.096508623396,0.2669125078613737,0.4371691714613657,0.17473575848613354,0.23013563528044656,0.11125075134132166,0.4300832129524319,0.01630701840528335,0.005189845838970211,0.41675532491927614,1.605936944538805,0.691639395756874,1.5340936999601316,0.660698194460906,0.008661960199771123,0.1209864889408216,0.013540447657062315,0.0347783256443277,0.019998859727028053,0.25534179682334057,0.16018484177536976,0.04344910238769634,0.0175443339894801,0.051304642733081496,0.01623125676302365,0.030424716415875182,0.0024886163727916764,0.17330620972676355,0.007518160610386945,0.036998331322181784,0.007241908910998166,0.06471039258464413,0.03268624766663211,0.03052817095362268,0.017027373620088316,0.32977196935496705,0.27285977617861706,0.044968977365467414,0.03869435473997633,0.04666383294946443,0.016722246165573273,0.10536665842094724,3.228372002002904,0.7898229604493129,2.739567788348006,0.7919126869248965,0.5847538603179906,31,2480212.0,233930,336254.0,176602.0,159652.0,83982.0,228855.0,23417.0,32.038271663511786,36.20999999999998,9286.219276442976
E09000026,406.415786238559,34.0,173.0,317.0,500.0,1200.0,494.6065833575521,1.328531946771954,124.78593963692913,15.0,50.0,100.0,200.0,340.8,101.3479300540819,0.6418228520926305,8.811026195277543,0.0,0.3,2.2,12.6,49.0,14.330516009927864,0.03166910758333113,3.50226447638191,0.0,0.1,0.7,3.7,21.3,6.723048489923892,0.014857311890782385,0.6195502798591654,0.0,0.06,0.2,0.8,2.5,1.7613282707247249,0.0038923716673217846,10.081818453521937,0.0,1.2,3.8,10.6,58.3,16.114574042058372,0.035611709909396085,5.341930225579204,0.0,0.6,3.2,8.0,23.6,6.368025033308888,0.014072743070346314,18.949186133719575,0.0,0.9,7.9,28.4,74.0,23.506415650637432,0.051946992391817375,1.6824460457265569,0.0,0.0,1.0,2.3,8.0,2.542918941291517,0.005619614358035778,0.15932409151123011,0.0,0.0,0.0,0.0,0.0,1.393751341778917,0.0030800608405607945,79.29923575747287,0.0,2.7,19.8,113.4,441.0,128.97464408935394,0.2850219682499803,31.52038028730968,0.0,0.9,6.3,33.3,191.7,60.5074364093149,0.13371580701704147,40.32727381408776,0.0,4.8,15.2,42.4,233.2,64.45829616823349,0.1424468396375843,21.36772090231681,0.0,2.4,12.8,32.0,94.4,25.47210013323555,0.056290972281385264,75.7967445348783,0.0,3.6,31.6,113.6,296.0,94.02566260254973,0.2077879695672695,3.1599965928976834,0.0,0.0,1.8,4.6,15.6,4.9571558007611065,0.010954853283223124,1.115268640578696,0.0,0.0,0.0,0.0,0.0,9.756259392452394,0.02156042588392556,180.7389664282292,0.0,42.0,114.0,283.7,564.9,173.32805798470326,0.38303888790359697,0.4387500787715433,0.1743972587108177,0.2231244020646847,0.11822420657031844,0.4193713510305866,0.01748375934280064,0.0061706042842818035,0.4447144342029533,1.6403519658269918,0.7064611386712929,1.5587729330946904,0.6713269616431887,0.008594182595759557,0.11153427083413074,0.012042828016831124,0.031825013460306764,0.023626346987570587,0.2733973303937554,0.15300860183774653,0.049935824319393314,0.019951874618837285,0.06374826802213869,0.019791116452705204,0.02473634384895877,0.001997994350498733,0.15860706876621936,0.0072086003067163736,0.0287412635591858,0.01125307162924574,0.06386937692167499,0.027027920777206928,0.03008229397593988,0.021723160483050195,0.3678720029248557,0.21185851818332926,0.05438341677267238,0.04378501769443142,0.060910496608612086,0.02043752136091716,0.0980502742973099,3.23691032903139,0.7919118667856149,2.7865920313580506,0.8055057415633251,0.33737801116406374,31,1156589.0,92933,297928.0,148700.0,149228.0,75418.0,186229.0,36281.0,35.736751833023945,56.38000000000002,5284.285207520396
E09000027,331.58554034016595,30.0,150.0,250.0,450.0,1000.0,304.6935764769401,1.763717178681232,102.01286399301954,18.0,50.0,75.0,113.6,227.2,79.97256111950198,1.0349403147739873,8.786071396038071,0.0,0.2,1.9,12.7,48.1,14.070691866188474,0.06580438311338985,3.464595593256261,0.0,0.1,0.6,3.6,21.3,6.669890452123309,0.03119306646821977,0.5678144215441276,0.0,0.01,0.16,0.75,2.6,2.119509557445245,0.00991230710309047,9.470103564111199,0.0,0.9,3.4,10.0,57.9,15.769373062274195,0.07374860286304713,5.5211689250744485,0.0,0.7,3.1,8.2,24.0,6.6729493517840375,0.031207372019581143,17.05070069460396,0.0,0.8,6.8,23.6,72.0,22.13877737084911,0.1035363862436726,1.7389582669095554,0.0,0.0,1.1,2.4,8.5,2.553975388071753,0.011944172788169049,0.2392513286267464,0.0,0.0,0.0,0.0,5.28,1.5291508589476526,0.007151377481455502,79.07464256435782,0.0,1.8,17.1,114.3,432.9,126.63622679569721,0.5922394480205085,31.18136033933837,0.0,0.9,5.4,32.4,191.7,60.02901406910979,0.2807375982139779,37.880414256444794,0.0,3.6,13.6,40.0,231.6,63.07749224909678,0.2949944114521885,22.084675700297797,0.0,2.8,12.4,32.8,96.0,26.69179740713615,0.12482948807832454,68.20280277841584,0.0,3.2,27.2,94.4,288.0,88.55510948339644,0.4141455449746904,3.2905813026643043,0.0,0.0,2.0,4.6,16.6,5.071105734259442,0.023716032425355596,1.6747593003871049,0.0,0.0,0.0,0.0,36.96,10.704056012633592,0.050059642370188506,174.32746164609722,0.0,41.5,106.5,268.5,564.9024999999992,170.6667966171795,0.7981571465095281,0.4535983132989541,0.17886659993156875,0.2172945897264652,0.12668500700785726,0.3912338431042757,0.01887586311182873,0.009606973477231256,0.5257390339375435,1.7047725158102822,0.7342055594072915,1.5971238080033168,0.6878437844479393,0.013796213319025304,0.10994731524661372,0.01107350179516305,0.026998795613980008,0.0221470035903261,0.3123869104359193,0.14042227714577638,0.047182250432380286,0.01956699183186543,0.06859863122385026,0.014075904859212413,0.021125273270050742,0.002111956527943468,0.14084466845136506,0.006718304955106654,0.021473460697630613,0.021530540603791247,0.07383162296047513,0.02328719575651168,0.0261645188685577,0.021920795498103163,0.39046590686038596,0.17749991453050187,0.0558355635252032,0.04351990910979281,0.07381044748864676,0.01788734456290486,0.0957767808389168,3.183879121909777,0.7789377532141284,2.7694223438772427,0.8005425888337528,0.09330133487331556,31,240676.0,30657,194124.0,94288.0,99836.0,44364.0,120918.0,28842.0,38.726401681361494,57.39999999999999,3381.951219512196
E09000028,392.63833647841966,38.0,180.0,325.0,500.0,1000.0,371.9717494609898,0.5673695484089649,110.8791043789656,15.0,50.0,75.0,150.0,340.8,91.76362748151514,0.33094933636183443,8.248822638318043,0.0,0.3,1.8,11.4,46.4,13.782367611554454,0.01727126713901402,3.21437623401364,0.0,0.1,0.5,3.4,20.0,6.208944860311114,0.00778069112334055,0.6355452510399328,0.0,0.06,0.2,0.8,2.7,1.9507119884009991,0.0024445196074080267,9.02020614074259,0.0,1.0,3.4,9.6,57.0,15.15863575331337,0.01899592689277775,5.6362137819104285,0.0,0.7,3.2,8.4,24.0,6.692295164314749,0.00838639781013447,18.062108021534122,0.0,0.6,7.4,25.0,77.4,23.49041827877782,0.0294368355811238,1.6458434393942167,0.0,0.0,1.0,2.4,7.8,2.448228822339848,0.003067978971379138,0.19121416664132854,0.0,0.0,0.0,0.0,1.76,1.5029212729282757,0.0018833741433430414,74.23940374526161,0.0,2.7,16.2,102.6,417.6,124.04130850399125,0.1554414042511262,28.929386106243573,0.0,0.9,4.5,30.6,180.0,55.88050374279904,0.07002622011006494,36.08082456297036,0.0,4.0,13.6,38.4,228.0,60.63454301325348,0.07598370757111099,22.544855127641718,0.0,2.8,12.8,33.6,96.0,26.769180657259003,0.03354559124053788,72.24843208613649,0.0,2.4,29.6,100.0,309.6,93.96167311511128,0.1177473423244952,3.1143721542832687,0.0,0.0,1.8,4.6,15.0,4.764124227697841,0.005970125347043775,1.3384991664903538,0.0,0.0,0.0,0.0,12.32,10.520448910497564,0.013183619003401294,173.48556227915955,0.0,41.5,110.0,269.1,548.8,167.33324821989672,0.20969236293057708,0.42792842683820176,0.16675385390106784,0.20797594963500132,0.12995234203618788,0.4164521308688495,0.01795176563034025,0.007715334630189832,0.44184570420493,1.6652653365700998,0.7171907434329411,1.5911608807894515,0.6852756914794295,0.01079467307420866,0.10799391743068072,0.013357115424384768,0.02965170479351105,0.02537618048785292,0.28934015775946115,0.1508258901461064,0.06040142331465561,0.024098447024530508,0.060253708463404464,0.019756040716778108,0.02411527010481189,0.0027031817778959497,0.1336708617684422,0.007731231186872418,0.026821324115926616,0.013108872410476594,0.06568581621155298,0.02797132366363,0.028693274359623336,0.022300713233899462,0.36195479261315994,0.20392056052242316,0.06649973807564957,0.05157313533308856,0.06607165478231994,0.0195319149847096,0.08579707621994337,3.261871113917396,0.7980185363396726,2.8246692114852614,0.8165125150234722,0.7073220579944576,31,3512139.0,305622,308434.0,153470.0,154964.0,62902.0,221000.0,24532.0,34.20065556959368,28.86,10687.248787248787
E09000029,310.1728500019683,25.0,125.0,240.0,400.0,1000.0,335.2894431794304,2.9153226310806613,102.48106615749714,19.0,43.0,75.0,132.0,340.8,86.41347612924118,1.7208552867576907,8.889174877462024,0.0,0.2,2.6,13.8,43.3,13.054375564578226,0.09047548651454436,3.405888641593128,0.0,0.1,0.8,3.7,19.6,5.943674326391743,0.041193607745088234,0.5816743282358787,0.0,0.03,0.2,0.8,2.3,1.9829686733887653,0.013743288951695213,11.381518205461461,0.0,1.4,4.0,11.8,64.0,17.616614032607313,0.122094826937867,5.375836500950184,0.0,0.6,3.3,8.2,23.5,6.219034045221058,0.04310203334571109,20.031862433731472,0.0,1.4,10.2,30.0,73.0,23.33582715927927,0.16173276959979355,1.7711923577073188,0.0,0.0,1.2,2.4,8.4,2.6028325722464087,0.018039357158444375,0.17916547489246973,0.0,0.0,0.0,0.0,1.0,1.4278909866901168,0.009896232192144236,80.0025738971702,0.0,1.8,23.4,124.2,389.7,117.48938008120554,0.8142793786308995,30.652997774322962,0.0,0.9,7.2,33.3,176.4,53.49306893752595,0.3707424697057941,45.526072821845844,0.0,5.6,16.0,47.2,256.0,70.46645613042925,0.488379307751468,21.503346003800736,0.0,2.4,13.2,32.8,94.0,24.87613618088423,0.17240813338284436,80.12744973492589,0.0,5.6,40.8,120.0,292.0,93.34330863711708,0.6469310783991743,3.3071136340901903,0.0,0.0,2.0,4.6,16.0,5.1814021525524065,0.03591055568002023,1.2541583242472698,0.0,0.0,0.0,0.0,7.0,9.995236906830822,0.06927362534500968,186.19464159424047,0.0,46.2,126.3,286.5,547.2,172.13959154499557,1.1930416140093272,0.4296717306801642,0.16462878583328225,0.2445079645259463,0.1154885329657408,0.4303424043187098,0.017761594027486175,0.006735738007865767,0.6002931642568294,1.6291250631528231,0.7016259748697571,1.5586536036863017,0.6712755692643068,0.010187822290252562,0.0989046836380061,0.00866968621005483,0.018556390600102883,0.013713411038480358,0.24738090159717954,0.1776093748039597,0.03642271934557043,0.01769067663701492,0.0955923867357565,0.013851423409407423,0.03518060800722683,0.002622235047614268,0.1751000589689221,0.007904344880368367,0.02764011392293891,0.012973162867144271,0.06897865848297616,0.02320682279311293,0.023521285664376862,0.016323935173280874,0.34807487914695673,0.20824340694829446,0.04898510529154308,0.04311606949903123,0.08776218821450706,0.019698496477433974,0.11208915230848664,3.188330974864707,0.7800269014529825,2.7998930943566043,0.8093506110288452,0.035084130995112,31,113013.0,19609,199870.0,97427.0,102443.0,46142.0,123600.0,30128.0,38.44916195551449,43.8,4563.242009132418
E09000030,386.90831233374365,35.0,165.0,300.0,500.0,1000.0,435.8062451891538,0.8256407028684354,116.87633590282728,15.0,50.0,100.0,175.0,340.8,93.08419922079912,0.4103268843584225,8.66013621767037,0.0,0.3,2.1,12.9,46.0,14.009029437326529,0.021561028019977,3.416923994557565,0.0,0.1,0.6,3.8,20.0,6.273815127465061,0.009655908309750957,0.5967338845089079,0.0,0.04,0.2,0.8,2.5,1.7124933631319408,0.002635665629206961,10.101338720219537,0.0,1.1,3.8,10.7,58.3,16.165118371413385,0.02487942306864049,5.386587084158203,0.0,0.7,3.2,7.9,23.7,6.4313350395098094,0.009898344179594057,18.731638997738873,0.0,0.9,7.9,28.3,73.7,23.482673758795585,0.036141731956698495,1.6738623726874768,0.0,0.0,1.0,2.3,7.9,2.567378506694053,0.003951402926831064,0.1646076118831755,0.0,0.0,0.0,0.0,0.0,1.35304210225037,0.002082441100530337,77.94122595930446,0.0,2.7,18.9,116.1,414.0,126.08126493594429,0.19404925217979305,30.75231595091066,0.0,0.9,5.4,34.2,180.0,56.46433614718739,0.08690317478775864,40.405354880878136,0.0,4.4,15.2,42.8,233.2,64.66047348565354,0.09951769227456198,21.54634833663281,0.0,2.8,12.8,31.6,94.8,25.725340158039238,0.03959337671837623,74.92655599095549,0.0,3.6,31.6,113.2,294.8,93.93069503518234,0.14456692782679398,3.1187088467539037,0.0,0.0,1.8,4.4,15.4,4.825781602397266,0.0074272677356461625,1.1522532831829326,0.0,0.0,0.0,0.0,0.0,9.471294715752784,0.014577087703712369,178.68509241703998,0.0,41.7,110.4,282.9,550.6,172.50855509856171,0.2655046023570464,0.43619322073827205,0.17210342247878546,0.2261260541342449,0.12058279761998812,0.4193218078656585,0.017453659981186503,0.006448513793717298,0.4618280009009159,1.6451810913151503,0.7085409298150376,1.5647481498336226,0.6739003474220545,0.010080677577866909,0.1092455786881576,0.01283877965732746,0.02943624640859242,0.0244611497204175,0.2806189527375091,0.14804514877054198,0.047503670254672996,0.019810717514690296,0.05616386342076393,0.018102054724208345,0.025146964789054663,0.001980762547200032,0.16686455739882528,0.00722795899209303,0.0303317019716101,0.012141214826468379,0.06619002586931641,0.029561251593346563,0.02786996822385849,0.022083547788219023,0.36201459370369177,0.21185015228668005,0.05399402799114338,0.04344804303014859,0.05920625501260349,0.020016718463528742,0.1037654160374634,3.222704291853596,0.7884363520887159,2.797387379229228,0.8086262969207482,0.5684562709823857,31,2257828.0,222042,293828.0,152762.0,141066.0,64797.0,211354.0,17677.0,31.51472630207743,19.75,14877.3670886076
E09000031,416.76687066984636,40.0,180.0,332.0,500.0,1200.0,470.8126481465631,0.6822875502118559,123.37797861775488,15.0,50.0,100.0,200.0,340.8,98.45284362640473,0.3330439922284687,8.645422735903319,0.0,0.3,2.1,12.0,49.4,14.379497359219274,0.017134148361974744,3.423256910616634,0.0,0.1,0.6,3.6,21.4,6.680089592465256,0.007959780741237077,0.6378876403553527,0.0,0.1,0.2,0.8,2.7,1.8151033401136163,0.002162818987680564,9.431525354555587,0.0,1.0,3.5,10.0,57.3,15.56149525662217,0.018542579187594062,5.507817366459634,0.0,0.7,3.2,8.4,24.0,6.531747960104179,0.007783021604694519,18.40415163357552,0.0,0.7,7.9,27.1,73.6,23.28978618746517,0.027751363061299904,1.6265798347192189,0.0,0.0,1.0,2.3,7.7,2.4517621463954398,0.0029214412239297587,0.16924003422925926,0.0,0.0,0.0,0.0,0.0,1.4256131184330665,0.0016987149180390164,77.80880462350427,0.0,2.7,18.9,108.0,444.6,129.41547623297677,0.15420733525777264,30.809312195711644,0.0,0.9,5.4,32.4,192.6,60.12080633218869,0.0716380266711337,37.72610141822235,0.0,4.0,14.0,40.0,229.2,62.24598102648868,0.07417031675037625,22.031269465838538,0.0,2.8,12.8,33.6,96.0,26.126991840416714,0.031132086418778075,73.61660653430208,0.0,2.8,31.6,108.4,294.4,93.15914474986069,0.11100545224519963,3.0691496323672145,0.0,0.0,1.8,4.4,15.0,4.740641226454206,0.005648796204470748,1.1846802396057343,0.0,0.0,0.0,0.0,0.0,9.97929182903127,0.011891004426273121,177.71051049531982,0.0,41.7,112.8,274.8,578.1,171.14628311182076,0.20393242776029946,0.4378401953077133,0.17336797981075544,0.2122896463077568,0.1239727993827284,0.4142501550927729,0.017270501467880502,0.006666348750581829,0.42640267977561536,1.65283378280519,0.7118367646459653,1.5710980578425155,0.6766351039474072,0.00858631957129277,0.11169119538479756,0.013611090798881832,0.03394736480685421,0.024266783170190046,0.27389401767522764,0.15027840951904065,0.05801407767404725,0.022953149028619703,0.05950699559362789,0.021069370201699817,0.025480938942181168,0.0023767164194616807,0.14535534378870793,0.00691189074602467,0.030033559102215137,0.012022777577130071,0.0634229550531409,0.028240799255305524,0.03202626323268973,0.021962177343675747,0.3568679935992502,0.21248334230505425,0.061950642606378725,0.05112822913242759,0.061472629917813076,0.020119242853600398,0.09032572470066394,3.2760902886561287,0.8014972651479774,2.824942602726168,0.8165915428150418,0.8414257983190889,31,3859019.0,285167,270671.0,135651.0,135020.0,65030.0,177768.0,27873.0,34.99062330293475,38.85999999999999,6965.285640761712
E09000032,357.9938825327633,32.5,154.0,300.0,454.0,1000.0,364.6704228376311,1.0189824572941717,107.3562810939258,15.0,50.0,75.0,113.6,340.8,83.66886112326459,0.5178029948128096,8.385318111942292,0.0,0.3,1.8,11.9,46.4,13.76627338881751,0.031248748172491462,3.3305661422173847,0.0,0.1,0.5,3.4,20.8,6.478984886382682,0.014706969810174704,0.5936022973254723,0.0,0.02,0.2,0.8,2.7,2.1944552988137938,0.004981303150940146,9.245192899005326,0.0,0.9,3.4,9.6,57.3,15.541136474716915,0.03527759810488997,5.502605756976815,0.0,0.7,3.1,8.2,24.0,6.662278317861642,0.015123036680283797,17.030807717593134,0.0,0.6,6.4,23.2,73.0,22.4237165857924,0.05090070877496397,1.6643947124855458,0.0,0.0,1.0,2.4,8.0,2.529628982386033,0.0057421305539832185,0.22443320212463808,0.0,0.0,0.0,0.0,2.64,1.4797634075024515,0.0033589885054492946,75.46786300746116,0.0,2.7,16.2,107.1,417.6,123.89646049936073,0.2812387335524233,29.97509527983933,0.0,0.9,4.5,30.6,187.2,58.3108639774428,0.13236272829157236,36.980771596021306,0.0,3.6,13.6,38.4,229.2,62.16454589886766,0.1411103924195599,22.01042302790726,0.0,2.8,12.4,32.8,96.0,26.649113271446566,0.060492146721135176,68.12323087037254,0.0,2.4,25.6,92.8,292.0,89.6948663431696,0.20360283509985588,3.167725215618049,0.0,0.0,1.8,4.6,15.6,5.026628189059961,0.011410193158322451,1.5710324148728725,0.0,0.0,0.0,0.0,18.48,10.358343852517072,0.023512919538145063,170.34027453626038,0.0,41.2,104.6,262.6,550.6,167.5926293305863,0.3804268389563741,0.4430418068358596,0.17597186197711875,0.2170994011645156,0.12921443908570135,0.3999243928415247,0.01859645479756307,0.009222906439184152,0.47581895347239894,1.693468198768706,0.7293370550524549,1.5998480980195064,0.6890170722953054,0.012528400219664258,0.11405178261852718,0.013245808612131066,0.027444572462285585,0.02347527161916248,0.300316844156823,0.14405775877849444,0.048954710398518335,0.022698640019812852,0.0616109789057705,0.017256834896467066,0.024817215647848043,0.0025950532470469154,0.13457666174934585,0.00730868212212902,0.025992257911682047,0.019068526634291316,0.0701757539536611,0.02841943818418024,0.025630745372657814,0.021437102825856005,0.36806518356294254,0.2010420925956488,0.05725533856891862,0.05070500171823092,0.0703161448945218,0.019067227240100074,0.08788597108328196,3.239836840959735,0.7926278395154001,2.8062679078347403,0.8111933453797116,0.29267088222336923,31,1022050.0,115911,319477.0,154118.0,165359.0,61036.0,229044.0,29397.0,34.811995855617546,34.25,9327.795620437957
E09000033,386.15334397109916,40.0,170.0,300.0,500.0,1000.0,401.3872525019524,1.0349462488554464,112.12403483333107,18.7,56.8,100.0,150.0,340.8,85.11465169615539,0.4930341757031553,8.414043006597383,0.0,0.2,1.8,11.5,48.1,14.278057551328569,0.029810261558327864,3.3926443978080445,0.0,0.1,0.5,3.3,21.3,6.565542561944885,0.013707784853808629,0.552033130034849,0.0,0.01,0.13,0.73,2.5,1.762029154643676,0.003678830245955975,9.388215021658636,0.0,1.1,3.6,10.0,56.8,15.498047488116928,0.03235740209081661,5.324633195649634,0.0,0.7,3.0,7.9,24.0,6.5125969064490015,0.013597242937792737,17.060554301675857,0.0,0.7,6.4,22.9,73.5,22.669941097120404,0.04733114929587669,1.6012300569628397,0.0,0.0,1.0,2.3,7.4,2.488473444205576,0.005195527752009829,0.19515346950954274,0.0,0.0,0.0,0.0,2.0,1.412577454602605,0.0029492319415103762,75.72638705933865,0.0,1.8,16.2,103.5,432.9,128.5025179619546,0.26829235402495083,30.53379958002005,0.0,0.9,4.5,29.7,191.7,59.08988305750409,0.12337006368427768,37.55286008663454,0.0,4.4,14.4,40.0,227.2,61.99218995246771,0.12942960836326645,21.29853278259853,0.0,2.8,12.0,31.6,96.0,26.050387625796013,0.05438897175117094,68.24221720670343,0.0,2.8,25.6,91.6,294.0,90.67976438848162,0.1893245971835068,3.049319202049203,0.0,0.0,1.8,4.4,14.4,4.928846693932593,0.010290630122397766,1.3660742865672049,0.0,0.0,0.0,0.0,14.0,9.888042182218234,0.020644623590572626,169.68253053746642,0.0,41.2,98.9,265.4,548.8,169.27233626351327,0.3534131026201788,0.4462827541496268,0.17994663023532698,0.22131247081055733,0.1255198912647979,0.40217585741176426,0.017970731532530416,0.008050765640046672,0.4394174832010932,1.6779745685702887,0.7226643117265387,1.583972217638108,0.6821797027762599,0.009398335931663351,0.1341727588124324,0.015165832585673819,0.030401029780159683,0.023916007418601767,0.30648809259834137,0.13852794654604048,0.04257053869010053,0.02076844615316388,0.04723843572573006,0.01574121770139332,0.019278812750807083,0.002124149004276726,0.14105463770637391,0.008161144220392968,0.02855661346060033,0.016436000914248287,0.0890630108750353,0.034048497955316934,0.023712510568959427,0.02197458632653157,0.36602603135032985,0.204026524610226,0.04639460583066138,0.04797674369279562,0.05142595480543806,0.01760737254217459,0.09774416144253104,3.1837605102971156,0.7789087348187891,2.790847586821112,0.8067358729641411,0.36883683160058817,31,1213909.0,126160,238047.0,123356.0,114691.0,42610.0,167188.0,28249.0,37.15795200098674,21.499999999999986,11071.953488372099
